magnitude,cdi,mmi,tsunami,sig,nst,dmin,gap,magtype,depth,location
6.5,7.0,4.0,0.0,657.0,114.0,3.873125,25.0,mww,113.5,"Sola, Vanuatu"
6.5,8.0,6.0,0.0,775.0,92.0,0.679,40.0,mww,69.727,"Intipucá, El Salvador"
6.6,7.0,5.0,0.0,899.0,70.0,1.634,28.0,mww,113.5,"Loncopué, Argentina"
7.2,6.0,6.0,1.0,860.0,173.0,0.907,36.0,mww,32.571,"Sand Point, Alaska"
7.3,0.0,5.0,1.0,820.0,79.0,0.879451,67.5,Mi,21.0,Alaska Peninsula
6.6,5.0,4.0,1.0,802.0,95.0,2.454,37.0,mww,10.0,"Codrington, Antigua and Barbuda"
6.9,4.0,4.0,1.0,741.0,136.0,1.179,23.0,mww,113.5,Tonga
7.2,8.0,6.0,1.0,804.0,85.0,2.59,24.0,mww,113.5,the Fiji Islands
6.6,6.0,6.0,1.0,733.0,50.0,2.163,67.5,mww,10.0,Panama-Colombia border region
7.1,3.0,4.0,1.0,777.0,98.0,2.812,56.0,mww,35.981,the Loyalty Islands
7.7,5.0,4.0,1.0,927.0,277.0,3.111,15.0,mww,18.027,the Loyalty Islands
7.6,8.0,6.0,1.0,907.0,111.0,3.631,17.0,mww,113.5,"Hihifo, Tonga"
6.6,0.0,2.0,0.0,670.0,52.0,3.873125,50.0,mww,113.5,the Fiji Islands
7.1,9.0,7.0,0.0,838.0,70.0,2.282,58.0,mww,15.462,"Teluk Dalam, Indonesia"
7.1,8.0,7.0,1.0,777.0,126.0,0.708,23.0,mww,43.063,"Kermadec Islands, New Zealand"
6.7,0.0,3.0,1.0,691.0,166.0,3.873125,10.0,mww,113.5,the Fiji Islands
7.0,5.0,3.0,0.0,818.0,131.0,1.881,31.0,mww,113.5,"Tuban, Indonesia"
6.5,7.0,6.0,1.0,655.0,104.0,0.266,30.0,mww,105.631,"the Kamchatka Peninsula, Russia"
7.0,7.0,7.0,1.0,781.0,105.0,3.873125,31.0,mww,62.603,"New Guinea, Papua New Guinea"
6.5,4.0,4.0,0.0,656.0,97.0,1.622,33.0,mww,113.5,"San Antonio de los Cobres, Argentina"
6.5,7.0,5.0,0.0,1149.125,134.0,2.53,13.0,mww,113.5,"Jurm, Afghanistan"
6.8,9.0,7.0,1.0,1149.125,152.0,0.709,28.0,mww,65.842,Ecuador
7.0,8.0,5.0,1.0,756.0,116.0,1.789,22.0,mww,22.065,Kermadec Islands region
6.9,5.0,5.0,1.0,735.0,108.0,0.784,18.0,mww,113.5,"Kermadec Islands, New Zealand"
6.5,7.0,6.0,1.0,653.0,66.0,3.873125,45.0,mww,10.0,"Port-Olry, Vanuatu"
6.5,4.0,2.0,1.0,652.0,115.0,2.739,20.0,mww,113.5,"Kimbe, Papua New Guinea"
6.8,9.0,7.0,0.0,737.0,128.0,1.783,20.0,mww,20.522,"Murghob, Tajikistan"
7.5,9.0,9.0,0.0,1149.125,135.0,0.85,17.0,mww,10.0,"Ekinözü, Turkey"
6.7,9.0,8.0,0.0,800.0,108.0,0.218,44.0,mww,14.497,"Nurdağı, Turkey"
7.8,9.0,9.0,0.0,1149.125,118.0,1.919,32.0,mww,17.925,Central Turkey
6.8,4.0,3.0,0.0,718.0,60.0,3.873125,61.0,mww,113.5,"Kokopo, Papua New Guinea"
7.0,3.0,5.0,1.0,756.0,130.0,1.974,17.0,mwc,28.566,"Tobelo, Indonesia"
7.6,5.0,7.0,0.0,957.0,114.0,1.575,21.0,mww,105.249,"Pulau Pulau Tanimbar, Indonesia"
7.0,8.0,7.0,1.0,768.0,116.0,3.873125,36.0,mww,29.0,Vanuatu
6.8,5.0,5.0,1.0,720.0,152.0,2.587,26.0,mww,38.0,"Hihifo, Tonga"
7.0,8.0,7.0,1.0,768.0,117.0,0.509,17.0,mww,14.0,"Malango, Solomon Islands"
6.9,4.0,4.0,0.0,735.0,99.0,2.229,34.0,mww,25.0,"Bengkulu, Indonesia"
7.0,3.0,3.0,1.0,755.0,147.0,3.125,18.0,mww,113.5,"Kokopo, Papua New Guinea"
7.3,5.0,5.0,1.0,833.0,149.0,1.865,21.0,mww,37.0,"Neiafu, Tonga"
6.6,0.0,2.0,1.0,670.0,131.0,3.873125,27.0,mww,113.5,"Kokopo, Papua New Guinea"
7.0,4.0,3.0,1.0,755.0,142.0,3.873125,26.0,mwb,113.5,the Fiji Islands
6.8,1.0,3.0,1.0,711.0,136.0,3.873125,22.0,mww,113.5,the Fiji Islands
6.7,7.0,6.0,1.0,797.0,145.0,1.151,37.0,mww,20.0,"Boca Chica, Panama"
6.8,8.0,7.0,1.0,1149.125,175.0,2.137,67.5,mww,20.0,"Aguililla, Mexico"
7.6,9.0,8.0,1.0,1149.125,271.0,1.153,67.5,mww,26.943,"Aguililla, Mexico"
6.9,9.0,9.0,1.0,887.0,215.0,0.401,34.0,mww,10.0,"Yujing, Taiwan"
6.5,7.0,7.0,1.0,756.0,178.0,0.43,54.0,mww,10.0,"Lugu, Taiwan"
7.0,7.0,5.0,1.0,761.0,192.0,2.977,45.0,mww,113.5,"Isangel, Vanuatu"
7.6,8.0,8.0,1.0,965.0,272.0,3.158,12.0,mww,113.5,"Kainantu, Papua New Guinea"
6.6,9.0,8.0,0.0,1043.0,141.0,3.873125,34.0,mww,12.0,"Kangding, China"
6.6,7.0,6.0,1.0,672.0,68.0,3.873125,34.0,mww,30.0,the Kermadec Islands
7.0,9.0,8.0,1.0,1149.125,152.0,3.873125,22.0,mww,33.729,"Bantay, Philippines"
6.5,3.0,2.0,0.0,653.0,236.0,1.999,31.0,mww,113.5,"Tarauacá, Brazil"
7.2,7.0,5.0,1.0,876.0,144.0,2.494,40.0,mww,113.5,"Azángaro, Peru"
6.9,2.0,5.0,1.0,733.0,127.0,0.371,45.0,mww,10.0,"Kokopo, Papua New Guinea"
6.8,6.0,5.0,1.0,762.0,162.0,1.505,30.0,mww,113.5,"San Antonio de los Cobres, Argentina"
6.6,6.0,5.0,1.0,762.0,0.0,0.914,67.5,mww,27.0,"Masachapa, Nicaragua"
7.0,6.0,4.0,1.0,763.0,0.0,2.705,26.0,mww,10.0,the Loyalty Islands
6.9,6.0,4.0,1.0,738.0,0.0,2.697,42.0,mww,10.0,"Tadine, New Caledonia"
6.7,8.0,7.0,1.0,806.0,0.0,0.289,32.0,mww,24.0,"Hualien City, Taiwan"
7.3,9.0,8.0,1.0,1149.125,0.0,2.936,29.0,mww,41.0,"Namie, Japan"
6.7,9.0,6.0,0.0,708.0,0.0,2.188,43.0,mww,28.0,"Pariaman, Indonesia"
6.6,2.0,7.0,1.0,670.0,0.0,0.827,46.0,mww,24.0,"Kermadec Islands, New Zealand"
6.8,2.0,3.0,1.0,712.0,0.0,3.873125,12.0,mww,113.5,the Fiji Islands
6.5,8.0,6.0,0.0,690.0,0.0,3.026,22.0,mww,110.0,"Barranca, Peru"
6.5,7.0,4.0,1.0,651.0,0.0,1.088,57.0,mww,8.0,Kermadec Islands region
6.6,8.0,6.0,0.0,785.0,0.0,2.418,22.0,mww,33.0,"Labuan, Indonesia"
6.5,0.0,3.0,1.0,650.0,97.0,1.61607,67.5,Mi,37.0,"Nikolski, Alaska"
6.5,0.0,3.0,1.0,650.0,23.0,0.0,67.5,Mi,37.0,"Nikolski, Alaska"
6.6,8.0,5.0,1.0,674.0,0.0,0.507,49.0,mww,19.0,"Nikolski, Alaska"
6.7,0.0,4.0,1.0,691.0,50.0,0.936943,67.5,Mi,33.0,"Nikolski, Alaska"
6.7,0.0,4.0,1.0,691.0,20.0,0.0,67.5,Mi,33.0,"Nikolski, Alaska"
6.8,7.0,6.0,1.0,730.0,0.0,0.92,61.0,mww,20.0,"Nikolski, Alaska"
6.6,6.0,6.0,0.0,976.0,0.0,1.168,21.0,mww,21.0,"Pólis, Cyprus"
6.6,9.0,8.0,0.0,1012.0,0.0,2.685,13.0,mww,13.0,"northern Qinghai, China"
7.3,8.0,7.0,0.0,921.0,0.0,3.713,19.0,mww,113.5,"Lospalos, Timor Leste"
7.3,9.0,5.0,1.0,854.0,0.0,1.025,32.0,mww,14.27,Flores Sea
7.5,8.0,8.0,1.0,1094.0,0.0,3.873125,40.0,mww,113.5,"Barranca, Peru"
6.6,7.0,4.0,1.0,688.0,0.0,3.259,15.0,mww,12.0,"Hirara, Japan"
6.9,8.0,6.0,1.0,995.0,0.0,0.0,0.0,mww,51.6,"Chignik, Alaska"
6.9,4.0,3.0,1.0,740.0,0.0,3.873125,31.0,mww,113.5,Vanuatu region
7.3,4.0,4.0,1.0,826.0,0.0,3.873125,32.0,mww,113.5,Vanuatu region
6.5,7.0,5.0,1.0,684.0,0.0,0.993,67.5,mww,21.0,"Jiquilillo, Nicaragua"
7.0,8.0,8.0,1.0,1149.125,0.0,0.07,43.0,mww,20.0,"Acapulco, Mexico"
7.1,1.0,4.0,1.0,776.0,0.0,3.873125,32.0,mww,6.0,South Sandwich Islands region
6.6,1.0,3.0,1.0,670.0,0.0,3.873125,19.0,mww,7.0,South Sandwich Islands region
6.9,8.0,7.0,1.0,741.0,0.0,0.579,54.0,mww,93.0,"Port-Olry, Vanuatu"
6.9,6.0,4.0,1.0,734.0,0.0,3.873125,48.0,mww,16.7,South Sandwich Islands region
7.2,9.0,8.0,1.0,1149.125,0.0,1.178,23.0,mww,10.0,"Nippes, Haiti"
6.9,5.0,4.0,1.0,738.0,0.0,0.0,0.0,mww,33.3,"Perryville, Alaska"
6.9,5.0,4.0,1.0,738.0,0.0,1.173,36.0,mww,20.74,"Perryville, Alaska"
7.85,0.0,7.0,0.0,1009.0,0.0,3.873125,67.5,mww,22.79,South Sandwich Islands region
7.5,9.0,6.0,1.0,868.0,0.0,3.873125,38.0,mww,47.23,South Sandwich Islands region
7.1,9.0,7.0,1.0,846.0,0.0,1.273,25.0,mww,55.14,"Pondaguitan, Philippines"
7.85,8.0,6.0,1.0,1149.125,0.0,0.875,66.0,mww,46.66,"Perryville, Alaska"
7.85,8.0,7.0,1.0,1149.125,0.0,0.0,0.0,mww,35.0,"Perryville, Alaska"
6.7,8.0,5.0,1.0,935.0,0.0,3.873125,12.0,mww,110.0,"Hukay, Philippines"
6.7,6.0,6.0,1.0,830.0,0.0,1.395,61.0,mww,10.0,"Burica, Panama"
6.5,0.0,4.0,1.0,650.0,0.0,3.873125,24.0,mww,25.0,"Kermadec Islands, New Zealand"
6.5,5.0,7.0,1.0,652.0,0.0,3.873125,44.0,mww,10.0,"Alo, Wallis and Futuna"
7.3,9.0,9.0,0.0,1025.0,0.0,3.873125,9.0,mww,10.0,"Southern Qinghai, China"
6.7,8.0,4.0,0.0,698.0,0.0,1.487,37.0,mww,11.0,"Sinabang, Indonesia"
6.7,9.0,3.0,0.0,694.0,0.0,3.873125,45.0,mww,10.0,Mauritius - Reunion region
6.9,7.0,6.0,1.0,919.0,0.0,2.619,35.0,mww,43.0,"Kokopo, Papua New Guinea"
6.5,4.0,4.0,0.0,651.0,0.0,3.873125,20.0,mww,113.5,"Haveluloto, Tonga"
6.5,6.0,4.0,0.0,652.0,0.0,3.873125,19.0,mww,113.5,"Pangai, Tonga"
7.0,7.0,7.0,1.0,1052.0,0.0,2.378,35.0,mww,43.0,"Ishinomaki, Japan"
6.6,5.0,5.0,1.0,672.0,0.0,3.183,18.0,mww,13.23,"Ust’-Kamchatsk Staryy, Russia"
6.5,0.0,4.0,0.0,650.0,0.0,3.873125,25.0,mwb,24.0,Kermadec Islands region
7.85,9.0,8.0,1.0,1021.0,0.0,0.739,21.0,mww,28.93,"Kermadec Islands, New Zealand"
7.4,3.0,7.0,1.0,843.0,0.0,0.437,30.0,mww,43.0,"Kermadec Islands, New Zealand"
7.3,7.0,6.0,1.0,932.0,0.0,0.918,24.0,mww,10.0,"Gisborne, New Zealand"
7.1,9.0,8.0,1.0,1149.125,0.0,3.085,11.0,mww,43.98,"Namie, Japan"
7.7,9.0,4.0,1.0,918.0,0.0,3.873125,15.0,mww,10.0,the Loyalty Islands
6.9,9.0,5.0,1.0,739.0,0.0,1.55,16.0,mww,15.0,South Shetland Islands
7.0,7.0,5.0,1.0,802.0,0.0,2.821,15.0,mww,80.0,"Pondaguitan, Philippines"
6.7,8.0,8.0,0.0,776.0,0.0,2.043,22.0,mww,10.0,"Turt, Mongolia"
6.7,5.0,5.0,1.0,776.0,0.0,1.319,19.0,mww,10.0,"Corral, Chile"
7.0,8.0,7.0,0.0,1149.125,0.0,1.518,18.0,mww,21.0,"Néon Karlovásion, Greece"
7.6,9.0,7.0,1.0,1149.125,0.0,0.23,36.0,mww,28.37,"Sand Point, Alaska"
6.9,0.0,3.0,1.0,732.0,0.0,3.873125,16.0,mww,10.0,central Mid-Atlantic Ridge
6.5,6.0,6.0,0.0,674.0,0.0,0.388,49.0,mww,16.0,"Vallenar, Chile"
6.8,6.0,7.0,1.0,824.0,0.0,0.312,67.5,mww,21.0,"Vallenar, Chile"
6.5,4.0,5.0,0.0,651.0,0.0,3.873125,31.0,mww,10.0,central Mid-Atlantic Ridge
6.9,4.0,3.0,0.0,749.0,0.0,2.267,20.0,mww,113.5,"Katabu, Indonesia"
6.9,4.0,4.0,0.0,735.0,0.0,1.716,25.0,mww,26.0,"Bengkulu, Indonesia"
6.8,5.0,4.0,0.0,716.0,0.0,1.816,34.0,mww,22.0,"Bengkulu, Indonesia"
6.6,9.0,8.0,1.0,784.0,0.0,3.873125,14.0,mww,10.0,"San Pedro, Philippines"
7.8,9.0,7.0,1.0,1111.0,0.0,0.621,60.0,mww,28.0,"Perryville, Alaska"
7.0,6.0,7.0,1.0,820.0,0.0,1.671,18.0,mww,73.0,"Popondetta, Papua New Guinea"
6.6,4.0,2.0,0.0,684.0,0.0,1.458,14.0,mww,113.5,"Batang, Indonesia"
7.4,8.0,8.0,1.0,1149.125,0.0,0.151,30.0,mww,20.0,"Santa María Xadani, Mexico"
7.4,7.0,7.0,1.0,873.0,0.0,3.873125,23.0,mww,10.0,the Kermadec Islands
6.6,5.0,4.0,1.0,734.0,0.0,2.015,18.0,mww,113.5,"Naze, Japan"
6.8,6.0,6.0,1.0,835.0,0.0,1.164,21.0,mww,112.0,"San Pedro de Atacama, Chile"
6.5,7.0,8.0,0.0,1149.125,27.0,0.357,55.79,ml,2.7,"Monte Cristo Range, NV Earthquake"
6.6,4.0,6.0,1.0,671.0,0.0,3.403,12.0,mww,107.0,"Lata, Solomon Islands"
6.8,4.0,6.0,0.0,738.0,0.0,1.921,16.0,mww,96.0,Banda Sea
6.5,7.0,6.0,0.0,678.0,0.0,1.293,19.0,mww,10.0,"Néa Anatolí, Greece"
6.5,8.0,8.0,0.0,1149.125,0.0,0.885,31.0,mww,12.06,"Stanley, Idaho"
7.5,6.0,5.0,1.0,879.0,0.0,3.873125,12.0,mww,57.8,"Severo-Kuril’sk, Russia"
7.0,5.0,6.0,1.0,770.0,0.0,3.873125,25.0,mww,113.5,"Kuril’sk, Russia"
7.7,9.0,6.0,1.0,1149.125,0.0,1.657,26.0,mww,14.86,"Lucea, Jamaica"
6.7,8.0,9.0,0.0,1149.125,0.0,0.87,49.0,mww,10.0,"Do?anyol, Turkey"
6.8,9.0,7.0,1.0,825.0,0.0,0.546,39.0,mww,18.0,"Magsaysay, Philippines"
7.1,6.0,6.0,1.0,799.0,0.0,1.271,11.0,mww,33.0,"Bitung, Indonesia"
6.5,0.0,2.0,0.0,650.0,0.0,3.873125,25.0,mww,113.5,"Ndoi Island, Fiji"
6.6,4.0,4.0,1.0,673.0,0.0,3.873125,48.0,mww,10.0,"Neiafu, Tonga"
6.5,9.0,7.0,1.0,733.0,0.0,0.428,19.0,mww,10.0,"Kisante, Philippines"
6.6,9.0,7.0,1.0,780.0,0.0,0.646,24.0,mww,15.0,"Columbio, Philippines"
6.7,7.0,6.0,1.0,844.0,0.0,1.269,67.5,mww,11.0,"Constitución, Chile"
6.5,7.0,7.0,1.0,656.0,0.0,3.873125,15.0,mww,12.26,"Kairatu, Indonesia"
6.6,2.0,3.0,1.0,671.0,0.0,3.873125,19.0,mww,113.5,"Ndoi Island, Fiji"
6.6,0.0,4.0,1.0,670.0,0.0,3.873125,19.0,mww,16.0,"Bristol Island, South Sandwich Islands"
6.9,4.0,6.0,0.0,875.0,0.0,2.839,23.0,mww,49.0,"Labuan, Indonesia"
6.8,6.0,6.0,1.0,947.0,0.0,0.817,35.0,mww,25.0,"San Antonio, Chile"
6.6,0.0,4.0,1.0,670.0,0.0,3.873125,30.0,mww,113.5,"Lakatoro, Vanuatu"
7.2,7.0,7.0,1.0,809.0,0.0,1.504,38.0,mww,18.98,"Laiwui, Indonesia"
6.6,5.0,5.0,0.0,791.0,0.0,2.978,32.0,mww,10.0,"Broome, Australia"
6.9,7.0,5.0,0.0,747.0,0.0,1.205,21.0,mww,35.0,"Kota Ternate, Indonesia"
7.1,9.0,9.0,0.0,1149.125,77.0,0.04616,43.0,mw,8.0,"Searles Valley, CA"
7.3,4.0,6.0,1.0,952.0,0.0,2.629,16.0,mww,113.5,"Saumlaki, Indonesia"
7.3,8.0,6.0,1.0,830.0,0.0,1.402,11.0,mww,46.0,"L'Esperance Rock, New Zealand"
6.6,7.0,6.0,1.0,886.0,0.0,1.193,22.0,mww,57.92,"La Libertad, El Salvador"
7.85,9.0,8.0,1.0,1149.125,0.0,3.18,17.0,mww,113.5,"Navarro, Peru"
7.6,7.0,7.0,1.0,929.0,0.0,0.453,16.0,mww,10.0,"Namatanai, Papua New Guinea"
7.1,7.0,6.0,1.0,826.0,0.0,2.514,16.0,mww,113.5,"Bulolo, Papua New Guinea"
6.8,5.0,6.0,1.0,717.0,0.0,0.791,28.0,mww,15.46,"Luwuk, Indonesia"
6.5,0.0,5.0,1.0,650.0,0.0,3.873125,18.0,mww,38.0,"Bristol Island, South Sandwich Islands"
7.0,7.0,4.0,1.0,869.0,0.0,2.501,42.0,mww,113.5,"Azángaro, Peru"
7.5,7.0,7.0,1.0,1145.0,0.0,2.045,15.0,mww,113.5,"Palora, Ecuador"
6.7,6.0,6.0,1.0,909.0,0.0,0.289,43.0,mww,66.0,"Puerto Madero, Mexico"
6.7,0.0,3.0,0.0,691.0,0.0,3.873125,17.0,mww,13.0,Prince Edward Islands region
6.7,8.0,8.0,1.0,1149.125,0.0,0.173,22.0,mww,63.0,"Coquimbo, Chile"
6.6,5.0,4.0,1.0,671.0,0.0,3.873125,18.0,mww,35.0,"Sola, Vanuatu"
6.6,2.0,4.0,1.0,672.0,0.0,1.596,33.0,mww,43.21,Molucca Sea
6.8,3.0,3.0,0.0,715.0,0.0,1.181,16.0,mww,113.5,"Tarauaca, Brazil"
7.0,5.0,5.0,1.0,803.0,0.0,1.769,21.0,mww,60.21,"Pondaguitan, Philippines"
7.3,3.0,7.0,1.0,822.0,0.0,3.873125,23.0,mww,16.56,"Ust’-Kamchatsk Staryy, Russia"
7.1,0.0,5.0,1.0,776.0,0.0,3.873125,20.0,mww,113.5,South Sandwich Islands region
6.6,0.0,4.0,1.0,670.0,0.0,2.679,31.0,mww,10.0,"Tadine, New Caledonia"
7.5,3.0,6.0,1.0,871.0,0.0,2.405,18.0,mww,10.0,"Tadine, New Caledonia"
7.1,8.0,8.0,1.0,1149.125,0.0,0.0,0.0,mw,46.7,"Point MacKenzie, Alaska"
6.8,0.0,3.0,1.0,711.0,0.0,2.879,39.0,mww,113.5,"Levuka, Fiji"
6.7,3.0,4.0,1.0,693.0,0.0,3.873125,19.0,mww,10.0,"Olonkinbyen, Svalbard and Jan Mayen"
6.8,8.0,7.0,0.0,954.0,0.0,2.268,15.0,mww,14.0,"Lithakiá, Greece"
6.5,2.0,4.0,0.0,655.0,0.0,1.692,67.5,mww,10.0,"Port McNeill, Canada"
6.8,4.0,4.0,1.0,776.0,0.0,1.505,36.0,mww,10.0,"Port McNeill, Canada"
6.5,3.0,4.0,1.0,669.0,0.0,1.611,63.0,mww,10.0,"Port McNeill, Canada"
6.5,0.0,4.0,1.0,650.0,0.0,2.109,22.0,mww,17.0,"Tadine, New Caledonia"
6.7,0.0,3.0,1.0,691.0,0.0,2.705,17.0,mww,113.5,"Ozernovskiy, Russia"
6.5,0.0,4.0,1.0,650.0,0.0,3.873125,14.0,mww,20.0,"Severo-Kuril’sk, Russia"
7.0,6.0,6.0,1.0,758.0,0.0,1.778,18.0,mww,39.0,"Kimbe, Papua New Guinea"
6.7,2.0,3.0,1.0,691.0,0.0,3.745,23.0,mww,113.5,"Levuka, Fiji"
7.5,8.0,8.0,0.0,1149.125,0.0,1.649,13.0,mww,20.0,"Palu, Indonesia"
6.5,4.0,2.0,0.0,651.0,0.0,3.873125,18.0,mww,113.5,the Fiji Islands
6.9,3.0,4.0,0.0,735.0,0.0,2.785,18.0,mww,113.5,Kermadec Islands region
6.5,3.0,6.0,1.0,651.0,0.0,1.638,25.0,mww,68.0,"Kirakira, Solomon Islands"
7.85,7.0,4.0,1.0,979.0,0.0,1.431,12.0,mww,113.5,"Levuka, Fiji"
6.6,8.0,9.0,1.0,1075.0,0.0,1.13,32.0,mww,35.0,"Chitose, Japan"
7.1,2.0,5.0,1.0,776.0,0.0,2.548,23.0,mww,21.43,"Tadine, New Caledonia"
7.1,0.0,3.0,0.0,776.0,0.0,3.77,12.0,mww,113.5,"Iñapari, Peru"
6.5,6.0,7.0,1.0,652.0,0.0,3.873125,10.0,mww,9.0,"Lakatoro, Vanuatu"
7.3,8.0,6.0,1.0,1149.125,0.0,1.822,15.0,mww,113.5,"Carúpano, Venezuela"
6.9,7.0,7.0,0.0,1149.125,0.0,2.453,31.0,mww,21.0,"Labuan Lombok, Indonesia"
7.85,5.0,4.0,1.0,1050.0,0.0,3.63,13.0,mww,113.5,"Levuka, Fiji"
6.5,5.0,3.0,0.0,743.0,0.0,2.719,23.0,mww,113.5,"Labuan Bajo, Indonesia"
6.5,6.0,6.0,1.0,655.0,0.0,0.576,22.0,mww,33.93,"Adak, Alaska"
6.9,9.0,8.0,0.0,1149.125,0.0,2.271,15.0,mww,34.0,"Labuan Lombok, Indonesia"
6.9,7.0,8.0,1.0,1149.125,63.0,0.11,67.5,mw,5.81,"Leilani Estates, Hawaii"
6.8,5.0,3.0,0.0,733.0,0.0,3.873125,16.0,mww,113.5,"Boyuibe, Bolivia"
6.9,9.0,6.0,1.0,741.0,0.0,1.487,18.0,mww,35.0,"Kimbe, Papua New Guinea"
6.7,5.0,6.0,1.0,696.0,0.0,1.507,15.0,mww,40.0,"Kimbe, Papua New Guinea"
6.8,6.0,6.0,1.0,719.0,0.0,1.049,16.0,mww,22.86,"Kokopo, Papua New Guinea"
6.7,8.0,7.0,1.0,697.0,0.0,3.873125,19.0,mww,20.49,"Tari, Papua New Guinea"
7.5,9.0,8.0,1.0,943.0,0.0,3.873125,17.0,mww,25.21,"Tari, Papua New Guinea"
7.2,7.0,7.0,1.0,1149.125,0.0,0.142,67.5,mww,22.0,"Pinotepa de Don Luis, Mexico"
7.85,9.0,4.0,1.0,1149.125,0.0,2.585,30.0,mww,14.06,"Chiniak, Alaska"
7.1,9.0,7.0,1.0,1075.0,0.0,3.873125,23.0,mww,39.0,"Atiquipa, Peru"
7.5,8.0,5.0,1.0,1149.125,0.0,3.873125,12.0,mww,19.0,"Barra Patuca, Honduras"
6.5,8.0,7.0,0.0,998.0,0.0,2.365,28.0,mww,90.0,"Kawalu, Indonesia"
6.5,1.0,5.0,1.0,651.0,0.0,3.873125,23.0,mww,17.0,Bouvet Island region
7.0,4.0,6.0,1.0,771.0,0.0,0.617,14.0,mww,10.0,"Tadine, New Caledonia"
6.6,4.0,5.0,1.0,676.0,0.0,0.529,21.0,mww,13.0,"Tadine, New Caledonia"
6.5,8.0,8.0,1.0,1149.125,0.0,0.225,37.0,mww,19.36,"Parrita, Costa Rica"
7.3,8.0,9.0,0.0,1149.125,0.0,0.284,33.0,mww,19.0,"?alabja, Iraq"
6.5,6.0,5.0,1.0,661.0,0.0,3.873125,10.0,mww,110.57,"Angoram, Papua New Guinea"
6.8,5.0,5.0,1.0,727.0,0.0,3.873125,21.0,mww,10.0,"Hihifo, Tonga"
6.6,3.0,5.0,1.0,674.0,0.0,0.788,29.0,mww,22.0,"Tadine, New Caledonia"
6.7,3.0,4.0,1.0,691.0,0.0,1.062,55.0,mww,24.0,"Tadine, New Caledonia"
6.7,3.0,3.0,0.0,694.0,0.0,1.634,16.0,mww,113.5,"Maumere, Indonesia"
6.5,3.0,5.0,1.0,651.0,0.0,1.154,11.0,mww,113.5,"Attu Station, Alaska"
7.1,9.0,8.0,0.0,1149.125,0.0,0.984,23.0,mww,48.0,"Matzaco, Mexico"
7.85,9.0,7.0,1.0,1149.125,0.0,0.944,22.0,mww,47.39,"Chiapas, Mexico"
6.5,5.0,7.0,0.0,707.0,0.0,3.873125,22.0,mww,9.0,"Mawu, China"
6.6,7.0,7.0,0.0,1064.0,0.0,0.913,16.0,mww,7.0,"Kos, Greece"
7.7,8.0,7.0,1.0,918.0,0.0,3.564,13.0,mww,10.0,"Komandorskiye Ostrova, Russia region"
6.6,5.0,4.0,1.0,704.0,0.0,3.773,37.0,mww,10.0,"Auckland Islands, New Zealand region"
6.5,9.0,8.0,1.0,740.0,0.0,3.873125,30.0,mww,9.0,"Lim-oo, Philippines"
6.8,6.0,6.0,1.0,1034.0,0.0,1.065,38.0,mww,38.12,"Puerto San José, Guatemala"
6.9,8.0,6.0,1.0,1149.125,0.0,0.247,35.0,mww,93.0,"San Pablo, Guatemala"
6.8,0.0,4.0,1.0,711.0,0.0,2.308,12.0,mww,5.0,"Attu Station, Alaska"
6.6,7.0,7.0,0.0,678.0,0.0,2.353,18.0,mww,12.0,"Poso, Indonesia"
6.5,0.0,4.0,1.0,650.0,0.0,3.873125,17.0,mww,15.0,South Sandwich Islands region
6.8,6.0,5.0,1.0,713.0,0.0,3.873125,19.0,mww,113.5,"Port-Olry, Vanuatu"
6.9,9.0,6.0,1.0,814.0,0.0,1.636,14.0,mww,26.0,"Burias, Philippines"
6.9,9.0,7.0,1.0,1149.125,0.0,0.356,39.0,mww,28.0,"Valparaíso, Chile"
6.5,7.0,8.0,0.0,1149.125,0.0,2.36,15.0,mww,29.0,"Moijabana, Botswana"
6.6,6.0,7.0,1.0,671.0,0.0,3.873125,14.0,mww,17.0,"Ust’-Kamchatsk Staryy, Russia"
6.9,2.0,3.0,1.0,733.0,0.0,3.873125,19.0,mww,113.5,the Fiji Islands
6.5,3.0,3.0,0.0,653.0,0.0,3.873125,14.0,mww,113.5,"Padilla, Bolivia"
6.5,8.0,7.0,1.0,718.0,0.0,2.822,36.0,mww,15.0,"Mabua, Philippines"
7.85,9.0,7.0,1.0,987.0,0.0,3.625,9.0,mww,113.5,"Panguna, Papua New Guinea"
6.5,6.0,6.0,1.0,654.0,0.0,1.64,21.0,mww,36.0,"Kirakira, Solomon Islands"
7.3,6.0,3.0,1.0,849.0,0.0,3.813,18.0,mww,113.5,"Tabiauan, Philippines"
6.9,6.0,4.0,1.0,742.0,0.0,2.495,13.0,mww,12.0,"Nadi, Fiji"
7.6,9.0,8.0,1.0,1149.125,0.0,0.355,29.0,mww,38.0,"Quellón, Chile"
6.7,5.0,5.0,0.0,726.0,0.0,3.38,17.0,mww,113.5,"Lospalos, Timor Leste"
7.85,9.0,7.0,1.0,972.0,0.0,1.389,13.0,mww,94.54,"Kokopo, Papua New Guinea"
6.9,8.0,6.0,1.0,737.0,0.0,1.747,26.0,mww,19.73,"Kirakira, Solomon Islands"
6.5,0.0,5.0,0.0,650.0,0.0,1.937,18.0,mww,12.26,"Kirakira, Solomon Islands"
7.8,9.0,8.0,1.0,961.0,0.0,1.836,13.0,mww,40.0,"Kirakira, Solomon Islands"
6.6,5.0,4.0,1.0,1120.0,0.0,1.405,55.0,mww,8.45,"Ferndale, California"
6.5,9.0,8.0,0.0,731.0,0.0,0.778,27.0,mww,13.0,"Reuleuet, Indonesia"
6.6,8.0,7.0,0.0,693.0,0.0,1.697,20.0,mww,17.0,"Murghob, Tajikistan"
6.9,5.0,4.0,1.0,855.0,0.0,1.796,20.0,mww,10.0,"Puerto El Triunfo, El Salvador"
6.9,9.0,6.0,1.0,1144.0,0.0,0.671,10.0,mww,9.0,"Namie, Japan"
6.5,7.0,7.0,1.0,664.0,0.0,0.283,56.0,mww,9.0,"Amberley, New Zealand"
6.5,6.0,7.0,1.0,656.0,0.0,0.135,58.0,mww,10.0,"Blenheim, New Zealand"
7.8,9.0,9.0,1.0,1149.125,0.0,0.481,21.0,mww,15.11,"Amberley, New Zealand"
6.6,9.0,8.0,0.0,1149.125,0.0,0.174,25.0,mww,8.0,"Preci, Italy"
6.6,3.0,3.0,0.0,677.0,0.0,2.022,16.0,mww,113.5,"Pamanukan, Indonesia"
6.8,3.0,6.0,1.0,716.0,0.0,3.727,11.0,mww,42.0,"Kandrian, Papua New Guinea"
6.9,2.0,3.0,1.0,733.0,0.0,3.873125,9.0,mww,113.5,Fiji region
7.0,5.0,6.0,1.0,897.0,0.0,0.698,21.0,mww,19.0,"Gisborne, New Zealand"
6.8,4.0,3.0,1.0,713.0,0.0,0.803,12.0,mww,113.5,"Rabaul, Papua New Guinea"
6.8,6.0,6.0,0.0,981.0,0.0,1.802,17.0,mww,82.0,"Chauk, Myanmar"
7.2,6.0,5.0,1.0,799.0,0.0,3.873125,14.0,mww,16.37,the Loyalty Islands
7.7,5.0,6.0,1.0,971.0,0.0,3.294,14.0,mww,113.5,"Pagan region, Northern Mariana Islands"
6.6,4.0,6.0,0.0,671.0,0.0,2.435,16.0,mww,50.0,"Sungai Penuh, Indonesia"
7.2,1.0,6.0,1.0,798.0,0.0,3.873125,24.0,mww,78.0,South Sandwich Islands region
6.9,3.0,3.0,1.0,733.0,0.0,3.873125,19.0,mww,113.5,"Kokopo, Papua New Guinea"
6.9,8.0,7.0,1.0,780.0,0.0,1.192,17.0,mww,29.95,"Rosa Zarate, Ecuador"
6.7,5.0,7.0,1.0,744.0,0.0,1.352,21.0,mww,16.0,"Muisne, Ecuador"
7.0,7.0,7.0,1.0,755.0,0.0,0.616,14.0,mww,24.0,"Norsup, Vanuatu"
7.8,9.0,9.0,1.0,1149.125,0.0,1.44,15.0,mww,20.59,"Muisne, Ecuador"
7.0,9.0,9.0,1.0,1149.125,0.0,0.349,32.0,mww,10.0,"Kumamoto, Japan"
6.9,6.0,6.0,0.0,903.0,0.0,3.001,14.0,mww,113.5,"Mawlaik, Myanmar"
6.6,6.0,4.0,0.0,738.0,0.0,0.789,17.0,mww,113.5,"Ashk?sham, Afghanistan"
6.7,7.0,5.0,1.0,692.0,0.0,3.873125,25.0,mww,27.59,"Sola, Vanuatu"
6.7,7.0,6.0,1.0,691.0,0.0,3.873125,19.0,mww,24.0,"Sola, Vanuatu"
6.9,7.0,6.0,1.0,734.0,0.0,1.166,25.0,mww,26.0,"Port-Olry, Vanuatu"
7.8,4.0,3.0,0.0,948.0,0.0,3.873125,20.0,mww,24.0,"Sumatra, Indonesia"
7.2,3.0,7.0,1.0,799.0,0.0,0.958,17.0,mww,113.5,"Mil’kovo, Russia"
7.1,7.0,7.0,1.0,1149.125,0.0,0.0,0.0,mw,113.5,"Pedro Bay, Alaska"
6.6,3.0,4.0,1.0,673.0,0.0,2.413,67.5,mww,10.0,"La Cruz de Loreto, Mexico"
6.7,5.0,6.0,1.0,717.0,0.0,0.281,22.0,mww,46.0,"Shizunai-furukawach?, Japan"
6.5,3.0,6.0,1.0,651.0,0.0,3.144,22.0,mww,13.0,"Sarangani, Philippines"
6.7,8.0,7.0,0.0,1149.125,0.0,1.794,16.0,mww,55.0,"Imph?l, India"
6.6,8.0,6.0,1.0,765.0,0.0,0.41,35.0,mww,85.0,"Manuel Ávila Camacho (Ponte Duro), Mexico"
6.9,8.0,5.0,0.0,738.0,0.0,2.979,14.0,mww,21.0,"Amahai, Indonesia"
7.2,4.0,7.0,0.0,827.0,0.0,1.116,18.0,mww,22.0,"Murghob, Tajikistan"
6.7,2.0,3.0,0.0,691.0,0.0,2.033,19.0,mww,113.5,"Tarauacá, Brazil"
7.6,5.0,4.0,0.0,896.0,0.0,2.852,10.0,mww,113.5,"Iñapari, Peru"
7.6,6.0,5.0,1.0,957.0,0.0,3.287,10.0,mww,113.5,"Iñapari, Peru"
6.8,5.0,6.0,1.0,715.0,0.0,1.599,19.0,mww,12.59,"Buala, Solomon Islands"
6.5,7.0,7.0,0.0,1018.0,0.0,0.0,0.0,mww,11.0,"Lefkáda, Greece"
6.7,5.0,4.0,0.0,702.0,0.0,1.444,17.0,mww,12.0,"Makurazaki, Japan"
6.9,5.0,6.0,0.0,744.0,0.0,0.821,43.0,mww,10.0,"Coquimbo, Chile"
6.9,6.0,6.0,1.0,761.0,0.0,0.784,32.0,mww,12.0,"Coquimbo, Chile"
6.6,7.0,4.0,0.0,675.0,0.0,2.792,31.0,mww,10.0,"Nicobar Islands, India region"
6.8,7.0,7.0,1.0,841.0,0.0,0.258,41.0,mww,46.0,"Ovalle, Chile"
6.5,5.0,7.0,0.0,657.0,0.0,1.53,21.0,mww,20.0,"Maubara, Timor Leste"
7.5,8.0,7.0,0.0,1149.125,0.0,0.622,18.0,mww,113.5,"Hindu Kush region, Afghanistan"
7.1,6.0,6.0,1.0,780.0,0.0,0.592,11.0,mww,113.5,"Port-Olry, Vanuatu"
6.6,7.0,7.0,0.0,671.0,0.0,2.486,13.0,mww,18.0,"Sorong, Indonesia"
6.6,5.0,7.0,1.0,820.0,0.0,1.064,14.0,mww,35.0,"Illapel, Chile"
6.7,5.0,7.0,0.0,718.0,0.0,0.853,35.0,mww,23.0,"Illapel, Chile"
6.5,6.0,7.0,0.0,657.0,0.0,0.749,62.0,mww,27.0,"Illapel, Chile"
7.0,8.0,7.0,0.0,799.0,0.0,0.903,13.0,mww,28.41,"Illapel, Chile"
7.85,9.0,8.0,1.0,1149.125,0.0,0.684,19.0,mww,22.44,"Illapel, Chile"
6.7,5.0,5.0,1.0,708.0,0.0,1.256,67.5,mww,10.0,"Topolobampo, Mexico"
6.5,0.0,5.0,1.0,650.0,0.0,2.045,16.0,mww,6.43,"Gizo, Solomon Islands"
6.6,3.0,5.0,1.0,671.0,0.0,1.872,20.0,mww,22.0,"Malango, Solomon Islands"
7.0,9.0,7.0,1.0,762.0,0.0,3.873125,12.0,mww,48.0,"Abepura, Indonesia"
6.9,4.0,7.0,1.0,734.0,0.0,0.444,39.0,mww,29.0,"Fox Islands, Aleutian Islands, Alaska"
7.0,8.0,6.0,1.0,759.0,0.0,3.873125,22.0,mww,11.0,"Lata, Solomon Islands"
6.5,4.0,4.0,1.0,686.0,0.0,1.218,20.0,mww,20.0,"Bathsheba, Barbados"
6.7,4.0,5.0,1.0,691.0,0.0,1.529,11.0,mww,12.0,"Malango, Solomon Islands"
6.5,3.0,4.0,0.0,652.0,0.0,2.277,11.0,mww,113.5,"Bonin Islands, Japan region"
7.8,6.0,3.0,1.0,1149.125,0.0,1.675,12.0,mww,113.5,"Bonin Islands, Japan region"
6.8,5.0,6.0,1.0,762.0,0.0,0.0,0.0,mw,72.6,"Ugashik, Alaska"
6.8,1.0,5.0,1.0,711.0,0.0,3.619,18.0,mww,10.0,"Kirakira, Solomon Islands"
6.9,1.0,4.0,1.0,732.0,0.0,3.873125,22.0,mww,11.19,"Kirakira, Solomon Islands"
6.8,1.0,4.0,1.0,711.0,0.0,3.873125,15.0,mww,11.0,"Lata, Solomon Islands"
6.8,8.0,6.0,1.0,831.0,0.0,1.422,8.0,mww,35.0,"?funato, Japan"
7.3,8.0,7.0,0.0,1149.125,0.0,0.677,11.0,mww,15.0,Nepal
7.1,1.0,6.0,1.0,776.0,0.0,3.835,11.0,mww,10.0,"Panguna, Papua New Guinea"
7.5,7.0,8.0,1.0,869.0,0.0,1.295,22.0,mww,55.0,"Kokopo, Papua New Guinea"
6.8,5.0,6.0,1.0,714.0,0.0,1.074,23.0,mww,44.0,"Kokopo, Papua New Guinea"
6.7,5.0,6.0,1.0,692.0,0.0,1.239,12.0,mww,31.0,"Kokopo, Papua New Guinea"
6.7,7.0,7.0,0.0,1016.0,0.0,0.727,13.0,mww,22.91,"Kod?ri??, Nepal"
6.6,8.0,7.0,0.0,733.0,0.0,1.778,16.0,mww,10.0,"Bharatpur, Nepal"
7.8,8.0,9.0,0.0,1149.125,0.0,1.857,12.0,mww,8.22,"Bharatpur, Nepal"
6.5,0.0,5.0,1.0,650.0,0.0,3.702,42.0,mww,10.0,"Alo, Wallis and Futuna"
6.5,2.0,5.0,1.0,650.0,0.0,3.873125,36.0,mww,11.0,"Hihifo, Tonga"
7.5,6.0,7.0,1.0,872.0,0.0,0.666,19.0,mww,41.0,"Kokopo, Papua New Guinea"
7.0,4.0,6.0,0.0,760.0,0.0,1.362,12.0,mww,113.5,"Maumere, Indonesia"
6.7,5.0,5.0,1.0,714.0,0.0,1.925,20.0,mww,23.0,"Miyako, Japan"
6.7,4.0,6.0,1.0,700.0,0.0,2.11,16.0,mww,113.5,"El Aguilar, Argentina"
6.8,1.0,4.0,1.0,711.0,0.0,2.019,13.0,mww,113.5,"Port-Vila, Vanuatu"
6.5,1.0,4.0,1.0,650.0,0.0,3.873125,61.0,mww,8.0,"Punta de Burica, Panama"
6.6,7.0,6.0,1.0,709.0,0.0,2.485,43.0,mww,20.0,"Punta de Burica, Panama"
6.6,1.0,5.0,1.0,670.0,0.0,3.246,12.0,mww,23.0,"Panguna, Papua New Guinea"
6.6,1.0,3.0,0.0,670.0,0.0,2.6,9.0,mww,113.5,"Sangay, Philippines"
6.8,6.0,5.0,1.0,713.0,0.0,1.421,19.0,mww,39.0,"Ternate, Indonesia"
6.5,5.0,5.0,1.0,652.0,0.0,1.549,9.0,mww,35.0,"Tobelo, Indonesia"
6.7,7.0,4.0,1.0,698.0,0.0,1.079,25.0,mww,22.0,"Gisborne, New Zealand"
7.1,4.0,6.0,1.0,779.0,0.0,1.397,18.0,mww,45.0,"Ternate, Indonesia"
6.6,2.0,6.0,1.0,671.0,0.0,3.557,13.0,mww,53.19,"Finschhafen, Papua New Guinea"
7.1,3.0,6.0,1.0,776.0,0.0,3.873125,13.0,mww,113.5,Fiji region
7.3,8.0,6.0,1.0,982.0,0.0,1.078,18.0,mww,40.0,"Intipucá, El Salvador"
6.7,5.0,5.0,1.0,724.0,0.0,0.46,11.0,mww,113.5,"Piti Village, Guam"
6.8,6.0,6.0,1.0,741.0,0.0,3.873125,18.0,mww,101.0,"Aniso, Peru"
6.9,0.0,4.0,1.0,732.0,0.0,3.873125,12.0,mww,13.0,Micronesia region
6.9,0.0,6.0,1.0,732.0,0.0,3.873125,15.0,mww,113.5,Fiji region
6.5,5.0,4.0,1.0,706.0,0.0,2.421,9.0,mww,20.0,"Namie, Japan"
6.9,8.0,7.0,1.0,1079.0,0.0,0.263,51.0,mww,53.0,"Puerto Madero, Mexico"
6.5,0.0,4.0,1.0,650.0,0.0,2.124,15.0,mww,20.0,"Kokopo, Papua New Guinea"
6.7,0.0,5.0,1.0,691.0,0.0,3.873125,45.0,mww,18.0,"Mata-Utu, Wallis and Futuna"
6.9,0.0,5.0,1.0,732.0,0.0,3.873125,25.0,mww,8.0,South Sandwich Islands region
7.85,6.0,8.0,1.0,963.0,0.0,0.133,22.0,mww,109.0,"Rat Islands, Aleutian Islands, Alaska"
6.7,0.0,5.0,0.0,691.0,0.0,0.748,43.0,mwc,26.59,"Kermadec Islands, New Zealand"
6.5,0.0,5.0,0.0,650.0,0.0,0.778,30.0,mwc,10.0,"Kermadec Islands, New Zealand"
6.9,0.0,5.0,1.0,732.0,0.0,0.751,35.0,mww,20.0,"Kermadec Islands, New Zealand"
6.9,9.0,7.0,0.0,951.0,0.0,0.402,25.0,mww,6.43,"Kamariótissa, Greece"
6.5,7.0,5.0,1.0,694.0,0.0,3.121,33.0,mww,10.0,"Punta de Burica, Panama"
6.6,0.0,5.0,1.0,670.0,0.0,3.34,10.0,mww,106.0,"Isangel, Vanuatu"
6.5,4.0,6.0,1.0,838.0,0.0,0.0,0.0,mww,10.0,"Vernon, Canada"
7.5,0.0,6.0,1.0,865.0,0.0,3.82,16.0,mww,43.37,"Panguna, Papua New Guinea"
6.6,0.0,6.0,1.0,670.0,0.0,3.803,11.0,mww,29.0,"Panguna, Papua New Guinea"
7.2,8.0,7.0,1.0,1017.0,0.0,2.25,46.0,mww,24.0,"Coyuquilla Norte, Mexico"
6.6,0.0,6.0,0.0,670.0,0.0,2.666,22.0,mww,10.0,"Kirakira, Solomon Islands"
7.4,0.0,6.0,1.0,842.0,0.0,2.885,17.0,mww,39.0,"Kirakira, Solomon Islands"
7.6,0.0,7.0,1.0,889.0,0.0,2.828,13.0,mww,22.56,"Kirakira, Solomon Islands"
6.6,6.0,5.0,1.0,677.0,0.0,0.761,20.0,mww,113.5,"Belén, Nicaragua"
6.5,0.0,6.0,1.0,650.0,0.0,3.787,16.0,mww,20.0,"Panguna, Papua New Guinea"
7.1,0.0,7.0,1.0,776.0,0.0,3.729,21.0,mww,60.53,"Panguna, Papua New Guinea"
7.7,8.0,9.0,1.0,1057.0,0.0,1.029,44.0,mww,22.4,"Iquique, Chile"
6.5,7.0,7.0,0.0,670.0,0.0,0.828,67.5,mww,24.07,"Iquique, Chile"
6.9,0.0,5.0,0.0,732.0,0.0,0.828,67.5,mww,28.42,"Iquique, Chile"
7.85,9.0,8.0,1.0,1149.125,0.0,0.609,23.0,mww,25.0,"Iquique, Chile"
6.7,7.0,7.0,1.0,718.0,0.0,1.008,44.0,mww,20.0,"Iquique, Chile"
6.8,5.0,5.0,1.0,1149.125,112.0,0.6568,67.5,mw,16.441,"Indianola, California"
6.5,4.0,5.0,1.0,668.0,0.0,1.001,17.0,mww,113.5,"Nago, Japan"
6.5,5.0,4.0,1.0,681.0,0.0,1.635,30.0,mww,14.83,"Greenland, Barbados"
6.9,3.0,8.0,0.0,733.0,0.0,3.873125,18.0,mww,10.0,"Hotan, China"
6.5,0.0,5.0,1.0,650.0,0.0,0.409,20.0,mww,113.5,"Port-Olry, Vanuatu"
6.5,0.0,3.0,1.0,650.0,0.0,3.651,22.0,mww,44.26,the Kermadec Islands
6.5,0.0,4.0,1.0,650.0,0.0,3.873125,14.0,mww,113.5,"Sola, Vanuatu"
6.5,3.0,4.0,0.0,651.0,0.0,3.873125,22.0,mww,113.5,Fiji region
7.7,1.0,8.0,1.0,912.0,0.0,3.873125,23.0,mww,10.0,Scotia Sea
6.9,0.0,5.0,1.0,732.0,0.0,3.873125,17.0,mww,9.97,Scotia Sea
6.6,6.0,7.0,1.0,723.0,0.0,0.636,31.0,mww,27.0,"Coquimbo, Chile"
7.1,6.0,4.0,1.0,872.0,0.0,3.873125,10.0,mww,35.0,"off the east coast of Honshu, Japan"
6.6,8.0,5.0,1.0,692.0,0.0,1.98,44.0,mww,9.45,"Etchoropo, Mexico"
6.8,0.0,6.0,1.0,711.0,0.0,3.873125,9.0,mww,35.0,"Panguna, Papua New Guinea"
7.1,9.0,8.0,1.0,1092.0,0.0,3.144,12.0,mww,19.04,"Sagbayan, Philippines"
6.6,5.0,6.0,0.0,691.0,0.0,1.984,40.0,mww,40.0,"Kíssamos, Greece"
6.7,0.0,3.0,0.0,691.0,0.0,2.958,11.0,mww,113.5,Okhotsk
6.5,0.0,4.0,1.0,650.0,0.0,1.709,21.0,mww,41.54,"Kermadec Islands, New Zealand"
6.8,7.0,7.0,0.0,1005.0,0.0,3.873125,17.0,mww,12.0,"Khuzdar, Pakistan"
7.1,8.0,7.0,1.0,843.0,0.0,3.873125,17.0,mww,40.0,"Atiquipa, Peru"
7.7,5.0,8.0,0.0,1149.125,0.0,3.873125,17.0,mww,15.0,"Bela, Pakistan"
6.5,0.0,6.0,1.0,650.0,0.0,0.735,24.0,mww,20.0,"Atka, Alaska"
6.5,5.0,3.0,0.0,739.0,0.0,3.276,26.0,mww,113.5,"Izu Islands, Japan region"
6.5,4.0,5.0,0.0,668.0,0.0,3.097,11.0,mww,112.0,"Lospalos, Timor Leste"
7.0,5.0,6.0,0.0,758.0,0.0,0.624,53.0,mww,29.0,"Atka, Alaska"
6.5,9.0,7.0,1.0,690.0,0.0,0.0,0.0,mww,8.2,"Blenheim, New Zealand"
6.7,4.0,5.0,1.0,715.0,0.0,3.741,22.0,mww,12.0,"Bahía Solano, Colombia"
6.5,6.0,7.0,1.0,693.0,229.0,0.0,20.0,mww,17.0,"Blenheim, New Zealand"
7.3,0.0,6.0,1.0,820.0,398.0,0.0,43.0,mww,11.0,South Sandwich Islands region
6.6,4.0,6.0,0.0,674.0,139.0,0.0,14.0,mww,56.0,"Kandrian, Papua New Guinea"
7.3,0.0,4.0,1.0,820.0,117.0,0.0,24.0,mww,113.5,"Kokopo, Papua New Guinea"
6.6,0.0,7.0,1.0,670.0,111.0,0.0,16.0,mww,10.0,northern Mid-Atlantic Ridge
6.5,5.0,6.0,1.0,679.0,698.0,0.0,27.0,mww,30.0,"Masachapa, Nicaragua"
6.7,5.0,4.0,0.0,710.0,515.0,0.0,24.0,mww,9.0,"Java, Indonesia"
6.7,0.0,3.0,1.0,691.0,217.0,0.0,25.2,mwb,113.5,Okhotsk
7.85,5.0,5.0,1.0,1115.0,385.0,0.0,10.0,mww,113.5,Okhotsk
7.4,0.0,6.0,1.0,842.0,626.0,0.0,16.0,mww,113.5,"Vaini, Tonga"
6.8,0.0,3.0,0.0,711.0,131.0,0.0,18.0,mww,113.5,"Pagan region, Northern Mariana Islands"
6.5,0.0,6.0,1.0,650.0,264.0,0.0,16.6,mww,10.0,"Rabaul, Papua New Guinea"
6.6,8.0,8.0,0.0,1149.125,548.0,0.0,12.6,mww,14.0,"Linqiong, China"
7.2,5.0,7.0,1.0,804.0,770.0,0.0,10.1,mww,110.0,"Kuril’sk, Russia"
6.6,7.0,7.0,1.0,672.0,445.0,0.0,11.0,mww,13.0,"Aitape, Papua New Guinea"
7.7,8.0,8.0,0.0,1149.125,506.0,0.0,26.6,mww,80.0,"Kh?sh, Iran"
6.6,0.0,5.0,1.0,670.0,491.0,0.0,11.5,mww,31.0,"Panguna, Papua New Guinea"
7.0,3.0,7.0,1.0,755.0,640.0,0.0,11.4,mww,66.0,"Abepura, Indonesia"
6.5,0.0,6.0,1.0,650.0,317.0,0.0,14.2,mww,28.0,"Finschhafen, Papua New Guinea"
6.5,3.0,6.0,0.0,651.0,480.0,0.0,20.7,mww,29.0,"Ozernovskiy, Russia"
6.9,5.0,6.0,1.0,736.0,531.0,0.0,20.7,mww,41.0,"Ozernovskiy, Russia"
6.6,0.0,7.0,1.0,670.0,697.0,0.0,15.3,mww,11.0,"Belaya Gora, Russia"
6.6,0.0,6.0,1.0,670.0,421.0,0.0,16.6,mww,18.0,"Lata, Solomon Islands"
6.9,5.0,5.0,1.0,904.0,562.0,0.0,23.7,mww,113.5,"Yacuanquer, Colombia"
7.1,9.0,6.0,1.0,780.0,334.0,0.0,16.5,mww,21.0,"Lata, Solomon Islands"
6.8,0.0,7.0,1.0,711.0,400.0,0.0,17.5,mww,12.0,"Lata, Solomon Islands"
6.7,0.0,6.0,1.0,691.0,387.0,0.0,26.5,mww,11.0,"Lata, Solomon Islands"
7.0,0.0,6.0,0.0,754.0,445.0,0.0,17.5,mww,8.8,"Lata, Solomon Islands"
7.1,0.0,5.0,0.0,776.0,550.0,0.0,18.4,mww,10.0,"Lata, Solomon Islands"
7.85,8.0,7.0,1.0,993.0,460.0,0.0,20.9,mww,24.0,"Lata, Solomon Islands"
6.9,6.0,7.0,0.0,814.0,686.0,0.0,28.0,mww,107.0,"Obihiro, Japan"
6.8,6.0,7.0,0.0,771.0,596.0,0.0,19.3,mww,45.0,"Vallenar, Chile"
7.5,6.0,6.0,0.0,1149.125,0.0,0.0,0.0,mw,8.7,"Edna Bay, Alaska"
6.7,0.0,4.0,0.0,691.0,521.0,0.0,13.7,mww,113.5,"Sola, Vanuatu"
7.1,5.0,5.0,0.0,843.0,517.0,0.0,8.7,mww,113.5,Banda Sea
7.3,6.0,5.0,0.0,1014.0,918.0,0.0,14.8,mww,31.0,"?funato, Japan"
6.5,4.0,5.0,0.0,708.0,598.0,0.0,57.3,mww,20.0,"Champerico, Guatemala"
6.8,7.0,6.0,0.0,795.0,391.0,0.0,13.7,mww,13.7,"Shwebo, Myanmar"
7.4,8.0,7.0,0.0,1149.125,751.0,0.0,25.5,mww,24.0,"Champerico, Guatemala"
7.8,8.0,7.0,0.0,1149.125,807.0,0.0,42.7,mww,14.0,"Prince Rupert, Canada"
6.5,6.0,6.0,0.0,745.0,691.0,0.0,34.4,mww,17.0,Costa Rica
6.6,3.0,5.0,0.0,675.0,291.0,0.0,17.7,mww,13.0,"Tual, Indonesia"
7.3,7.0,6.0,0.0,1149.125,934.0,0.0,15.5,mww,113.5,"San Agustín, Colombia"
7.6,8.0,7.0,0.0,1149.125,703.0,0.0,34.3,mww,35.0,"Hojancha, Costa Rica"
7.6,8.0,5.0,0.0,1115.0,682.0,0.0,10.2,mww,28.0,"Sulangan, Philippines"
7.3,5.0,5.0,0.0,994.0,417.0,0.0,37.0,mww,28.0,"Puerto El Triunfo, El Salvador"
6.6,4.0,5.0,0.0,678.0,497.0,0.0,14.6,mww,91.1,"Tobelo, Indonesia"
7.7,7.0,4.0,0.0,941.0,862.0,0.0,13.8,mww,113.5,"Poronaysk, Russia"
6.5,5.0,6.0,0.0,653.0,576.0,0.0,11.7,mww,41.0,"Kokopo, Papua New Guinea"
6.6,4.0,5.0,0.0,675.0,529.0,0.0,15.7,mww,113.5,"Neiafu, Tonga"
6.7,0.0,7.0,0.0,691.0,370.0,0.0,15.4,mww,16.0,"Manokwari, Indonesia"
6.8,6.0,5.0,0.0,732.0,597.0,0.0,12.6,mww,113.5,"Lae, Papua New Guinea"
6.7,0.0,7.0,0.0,691.0,518.0,0.0,26.9,mww,29.0,"Hacienda La Calera, Chile"
7.0,7.0,7.0,0.0,1000.0,474.0,0.0,67.5,mww,13.0,"San Luis, Mexico"
6.5,7.0,6.0,0.0,1149.125,599.0,0.0,54.1,mwb,20.0,"El Habillal, Mexico"
7.85,9.0,6.0,0.0,1149.125,341.0,0.0,14.9,mwc,25.1,off the west coast of northern Sumatra
7.85,9.0,7.0,0.0,1149.125,499.0,0.0,16.6,mw,20.0,off the west coast of northern Sumatra
7.1,7.0,7.0,0.0,1149.125,553.0,0.0,15.2,mww,40.7,"Constitución, Chile"
6.6,6.0,6.0,0.0,709.0,640.0,0.0,10.1,mww,113.5,"Kainantu, Papua New Guinea"
7.4,9.0,8.0,0.0,1149.125,672.0,0.0,37.9,mww,20.0,"Santiago Llano Grande, Mexico"
6.7,7.0,7.0,0.0,833.0,596.0,0.0,13.4,mww,12.0,"Saryg-Sep, Russia"
6.7,9.0,7.0,0.0,1149.125,572.0,0.0,11.1,mww,11.0,"Jimalalud, Philippines"
7.1,5.0,5.0,0.0,793.0,573.0,0.0,12.0,mww,23.0,"Port-Vila, Vanuatu"
7.2,4.0,4.0,0.0,838.0,443.0,0.0,17.0,mww,19.0,off the west coast of northern Sumatra
6.6,0.0,7.0,0.0,670.0,545.0,0.0,17.6,mww,15.0,"Saryg-Sep, Russia"
7.1,6.0,6.0,0.0,834.0,485.0,0.0,10.6,mww,113.5,"Wau, Papua New Guinea"
6.5,8.0,7.0,0.0,1149.125,578.0,0.0,38.6,mww,59.0,"Nuevo Balsas, Mexico"
6.9,6.0,7.0,0.0,847.0,474.0,0.0,46.5,mww,24.0,"Santiago, Peru"
7.1,9.0,9.0,0.0,1096.0,693.0,0.0,19.7,mww,18.0,"Van, Turkey"
6.5,3.0,6.0,0.0,655.0,423.0,0.0,12.6,mww,37.0,"Finschhafen, Papua New Guinea"
6.9,8.0,8.0,0.0,1149.125,383.0,0.0,13.0,mww,50.0,"Mangan, India"
6.7,5.0,5.0,0.0,712.0,667.0,0.0,10.9,mwc,30.0,"Miyako, Japan"
6.7,5.0,6.0,0.0,915.0,447.0,0.0,15.3,mww,91.0,"Kabanjahe, Indonesia"
7.0,7.0,5.0,0.0,761.0,406.0,0.0,15.3,mww,113.5,"Isangel, Vanuatu"
7.0,6.0,6.0,0.0,913.0,471.0,0.0,26.9,mww,113.5,"Contamana, Peru"
7.1,5.0,6.0,0.0,787.0,564.0,0.0,12.3,mww,28.0,"Port-Vila, Vanuatu"
6.5,0.0,5.0,0.0,650.0,322.0,0.0,15.0,mwc,35.0,"Port-Vila, Vanuatu"
7.2,8.0,6.0,0.0,813.0,280.0,0.0,18.4,mww,32.0,"Port-Vila, Vanuatu"
6.6,3.0,6.0,0.0,674.0,229.0,0.0,16.6,mww,10.0,"Angoram, Papua New Guinea"
7.6,3.0,7.0,0.0,893.0,567.0,0.0,33.5,mww,17.0,Kermadec Islands region
6.7,6.0,6.0,0.0,749.0,592.0,0.0,24.9,mww,33.0,"Miyako, Japan"
6.8,4.0,5.0,0.0,734.0,519.0,0.0,12.5,mww,11.0,"Wé, New Caledonia"
6.8,5.0,6.0,0.0,719.0,445.0,0.0,13.0,mww,79.0,"Kirakira, Solomon Islands"
6.6,7.0,7.0,0.0,822.0,586.0,0.0,10.1,mww,11.0,"Ishikawa, Japan"
7.1,8.0,8.0,0.0,1114.0,446.0,0.0,17.7,mww,42.0,"Ishinomaki, Japan"
6.6,7.0,6.0,0.0,897.0,518.0,0.0,37.2,mww,113.5,"Helio García Alfaro, Mexico"
6.9,7.0,9.0,0.0,1149.125,335.0,0.0,18.2,mww,8.0,"Tachilek, Myanmar"
6.6,6.0,5.0,0.0,673.0,668.0,0.0,9.5,ms,25.7,"?tsuchi, Japan"
6.5,0.0,4.0,0.0,650.0,369.0,0.0,18.7,mb,6.8,"Hasaki, Japan"
7.7,7.0,4.0,0.0,931.0,507.0,0.0,10.8,mwc,18.6,"Kamaishi, Japan"
7.85,8.0,7.0,0.0,1140.0,163.0,0.0,48.4,mwc,42.6,"?arai, Japan"
7.85,9.0,8.0,0.0,1149.125,541.0,0.0,9.5,mww,29.0,"2011 Great Tohoku Earthquake, Japan"
7.3,5.0,5.0,0.0,972.0,550.0,0.0,17.4,mww,32.0,"?funato, Japan"
6.7,5.0,6.0,0.0,731.0,358.0,0.0,33.9,mww,21.0,"Constitución, Chile"
6.9,7.0,7.0,0.0,988.0,382.0,0.0,34.7,mww,26.0,"Tomé, Chile"
7.2,7.0,7.0,0.0,1149.125,372.0,0.0,25.3,mww,68.0,"Dalbandin, Pakistan"
7.0,2.0,5.0,0.0,755.0,578.0,0.0,13.3,mww,9.0,"Tadine, New Caledonia"
7.2,8.0,7.0,0.0,1054.0,397.0,0.0,30.1,mww,24.0,"Carahue, Chile"
7.3,0.0,5.0,0.0,820.0,409.0,0.0,12.0,mwc,16.0,"Isangel, Vanuatu"
6.7,3.0,7.0,0.0,708.0,279.0,0.0,24.3,mwc,12.0,"Bam, Iran"
6.6,0.0,6.0,0.0,670.0,306.0,0.0,18.5,mwb,33.0,"Kandrian, Papua New Guinea"
7.8,4.0,7.0,0.0,946.0,379.0,0.0,23.0,mwc,20.1,"Sungai Penuh, Indonesia"
6.7,5.0,5.0,0.0,776.0,352.0,0.0,50.3,mwc,13.0,"El Huitusi, Mexico"
7.0,8.0,5.0,0.0,772.0,271.0,0.0,15.1,mwc,26.0,"Papua, Indonesia"
7.0,8.0,8.0,0.0,1149.125,365.0,0.0,15.8,mwc,12.0,"Methven, New Zealand"
7.1,6.0,5.0,0.0,945.0,672.0,0.0,12.4,mwc,113.5,Ecuador
7.3,7.0,7.0,0.0,850.0,405.0,0.0,20.2,mwc,25.0,"Port-Vila, Vanuatu"
7.0,4.0,6.0,0.0,757.0,396.0,0.0,12.7,mww,44.0,"Kimbe, Papua New Guinea"
6.5,5.0,4.0,0.0,659.0,403.0,0.0,11.1,mwc,113.5,"Madang, Papua New Guinea"
7.6,5.0,3.0,0.0,902.0,340.0,0.0,15.1,mwc,113.5,"Bantogon, Philippines"
7.3,8.0,7.0,0.0,831.0,397.0,0.0,18.2,mwc,35.0,"New Britain region, Papua New Guinea"
6.9,4.0,7.0,0.0,737.0,456.0,0.0,15.7,mwc,28.0,"Kimbe, Papua New Guinea"
6.6,6.0,7.0,0.0,753.0,295.0,0.0,52.8,mwc,22.0,"Cañete, Chile"
6.7,5.0,6.0,0.0,696.0,392.0,0.0,18.7,mwc,35.0,"Kirakira, Solomon Islands"
6.6,0.0,7.0,0.0,670.0,309.0,0.0,25.0,mwc,10.5,"Biak, Indonesia"
7.0,3.0,7.0,0.0,755.0,307.0,0.0,18.1,mwc,18.0,"Biak, Indonesia"
7.5,6.0,5.0,0.0,1144.0,514.0,0.0,18.6,mwc,35.0,"Nicobar Islands, India region"
7.2,5.0,6.0,0.0,804.0,327.0,0.0,11.7,mwc,31.0,"Sola, Vanuatu"
7.2,5.0,6.0,0.0,918.0,611.0,0.0,20.6,mwc,38.0,"Meulaboh, Indonesia"
6.9,6.0,9.0,0.0,773.0,410.0,0.0,14.9,mwc,17.0,"Qamdo, China"
6.9,4.0,5.0,0.0,740.0,399.0,0.0,12.1,mwc,21.0,"Kirakira, Solomon Islands"
7.8,0.0,7.0,0.0,936.0,352.0,0.0,19.2,mwc,31.0,"Sinabang, Indonesia"
7.2,9.0,9.0,0.0,1149.125,10.0,0.5137,67.5,mw,9.987,"Delta, B.C., MX"
6.6,5.0,6.0,0.0,701.0,413.0,0.0,16.7,mwc,34.0,"Bamboo Flat, India"
6.7,5.0,6.0,0.0,856.0,312.0,0.0,34.7,mwc,18.0,"Tomé, Chile"
6.5,6.0,5.0,0.0,810.0,491.0,0.0,27.0,mwc,32.0,"Namie, Japan"
7.0,7.0,7.0,0.0,874.0,403.0,0.0,17.1,mwc,18.0,"Santa Cruz, Chile"
6.9,7.0,7.0,0.0,1149.125,415.0,0.0,12.5,mwc,11.0,"Santa Cruz, Chile"
6.8,4.0,6.0,0.0,717.0,401.0,0.0,23.2,mwc,26.0,"Bengkulu, Indonesia"
6.6,7.0,7.0,0.0,736.0,255.0,0.0,27.8,mwb,18.0,"Talcahuano, Chile"
6.5,0.0,4.0,0.0,650.0,426.0,0.0,18.7,mwb,113.5,"Sola, Vanuatu"
7.4,0.0,5.0,0.0,842.0,409.0,0.0,17.6,mwc,35.0,"Lebu, Chile"
7.85,8.0,8.0,0.0,1149.125,454.0,0.0,17.8,mww,22.9,"Quirihue, Chile"
7.0,6.0,6.0,0.0,1149.125,487.0,0.0,15.7,mwc,25.0,"Katsuren-haebaru, Japan"
7.0,9.0,9.0,0.0,1149.125,500.0,0.0,22.7,mwc,13.0,"Léogâne, Haiti"
6.5,7.0,7.0,0.0,1149.125,51.0,0.3225,67.5,mw,28.737,"Ferndale, California"
6.8,3.0,6.0,0.0,713.0,338.0,0.0,15.0,mwc,15.4,"Gizo, Solomon Islands"
7.1,5.0,7.0,0.0,780.0,377.0,0.0,15.0,mwc,10.0,"Gizo, Solomon Islands"
6.6,5.0,7.0,0.0,672.0,282.0,0.0,16.6,mwc,10.0,"Gizo, Solomon Islands"
6.5,6.0,7.0,0.0,698.0,390.0,0.0,17.7,mwc,27.0,"Iquique, Chile"
7.3,0.0,4.0,0.0,820.0,430.0,0.0,15.0,mwc,113.5,"Ba, Fiji"
6.6,7.0,6.0,0.0,677.0,305.0,0.0,20.4,mwc,18.0,"Bima, Indonesia"
6.8,0.0,6.0,0.0,711.0,424.0,0.0,21.4,mwc,34.0,"Naze, Japan"
6.9,4.0,6.0,0.0,972.0,397.0,0.0,11.0,mwc,113.5,"Tual, Indonesia"
6.8,0.0,5.0,0.0,711.0,174.0,0.0,30.2,mwc,35.0,"Sola, Vanuatu"
7.4,0.0,7.0,0.0,842.0,314.0,0.0,20.2,mwc,31.1,"Sola, Vanuatu"
7.8,0.0,6.0,0.0,936.0,195.0,0.0,20.3,mwc,35.0,"Sola, Vanuatu"
7.7,4.0,7.0,0.0,916.0,283.0,0.0,23.2,mww,45.0,"Sola, Vanuatu"
6.6,7.0,7.0,0.0,787.0,417.0,0.0,30.1,mwc,9.0,"Sungai Penuh, Indonesia"
7.6,8.0,8.0,0.0,1149.125,498.0,0.0,14.0,mwc,81.0,"Pariaman, Indonesia"
7.85,7.0,6.0,0.0,1055.0,520.0,0.0,20.8,mwc,18.0,"Matavai, Samoa"
7.0,7.0,7.0,0.0,1149.125,312.0,0.0,16.3,mwc,46.0,"Banjar, Indonesia"
6.7,5.0,6.0,0.0,753.0,369.0,0.0,14.9,mwc,20.0,"Padang, Indonesia"
6.6,4.0,5.0,0.0,703.0,336.0,0.0,14.1,mwc,53.0,"Tateyama, Japan"
7.5,7.0,6.0,0.0,1149.125,303.0,0.0,18.2,mwc,24.0,"Bamboo Flat, India"
7.1,5.0,4.0,0.0,1005.0,447.0,0.0,14.2,mwc,113.5,"?yama, Japan"
6.9,5.0,7.0,0.0,1149.125,243.0,0.0,35.0,mwc,10.0,"Bahía de Kino, Mexico"
7.8,6.0,8.0,0.0,1149.125,434.0,0.0,16.8,mwc,12.0,"Te Anau, New Zealand"
6.7,5.0,5.0,0.0,693.0,269.0,0.0,13.8,mwc,64.0,"Kokopo, Papua New Guinea"
7.3,7.0,8.0,0.0,1149.125,464.0,0.0,27.2,mwc,19.0,"Guanaja, Honduras"
7.6,7.0,5.0,0.0,916.0,504.0,0.0,14.0,mwc,31.0,"‘Ohonua, Tonga"
7.2,3.0,7.0,0.0,802.0,432.0,0.0,18.6,mwc,20.0,"Sarangani, Philippines"
7.4,7.0,7.0,0.0,846.0,314.0,0.0,21.1,mwc,23.0,"Manokwari, Indonesia"
6.6,5.0,4.0,0.0,765.0,344.0,0.0,22.6,mwc,113.5,"Jurm, Afghanistan"
7.7,5.0,7.0,0.0,918.0,288.0,0.0,29.8,mwc,17.0,"Manokwari, Indonesia"
7.4,9.0,7.0,0.0,848.0,365.0,0.0,33.7,mww,30.0,"Gorontalo, Indonesia"
6.7,5.0,6.0,0.0,731.0,481.0,0.0,28.6,mwc,24.0,"Brisas Barra de Suchiate, Mexico"
6.7,0.0,6.0,0.0,691.0,529.0,0.0,22.3,mwc,27.4,"Nookat, Kyrgyzstan"
6.8,0.0,6.0,0.0,711.0,500.0,0.0,22.2,mwc,25.0,"Obihiro, Japan"
6.6,0.0,6.0,0.0,670.0,463.0,0.0,14.1,mwc,96.0,"Tobelo, Indonesia"
6.9,0.0,6.0,0.0,732.0,531.0,0.0,14.9,mwc,110.0,"Sola, Vanuatu"
6.7,4.0,7.0,0.0,692.0,325.0,0.0,28.0,mwc,12.0,"Jumla, Nepal"
6.8,8.0,7.0,0.0,1046.0,633.0,0.0,20.2,mwc,108.0,"Morioka, Japan"
7.0,5.0,5.0,0.0,840.0,577.0,0.0,18.2,mwc,22.0,"Namie, Japan"
6.9,5.0,5.0,0.0,825.0,0.0,0.0,0.0,mww,25.5,"Namie, Japan"
6.6,4.0,5.0,0.0,680.0,630.0,0.0,18.4,mwc,17.0,"Bamboo Flat, India"
6.9,7.0,8.0,0.0,888.0,654.0,0.0,17.1,mwc,7.8,"Mizusawa, Japan"
7.85,9.0,9.0,0.0,1149.125,774.0,0.0,11.3,mwc,19.0,"Tianpeng, China"
6.9,5.0,5.0,0.0,910.0,519.0,0.0,21.1,mwc,27.0,"Hasaki, Japan"
7.3,0.0,6.0,0.0,820.0,486.0,0.0,13.4,mwc,33.0,"Isangel, Vanuatu"
7.2,0.0,7.0,0.0,798.0,532.0,0.0,25.9,mwc,10.0,"Hotan, China"
6.9,4.0,5.0,0.0,740.0,544.0,0.0,25.9,mwc,24.0,Philippine Islands region
6.7,5.0,6.0,0.0,696.0,543.0,0.0,15.1,mwc,25.0,"Padang, Indonesia"
6.6,4.0,6.0,0.0,674.0,421.0,0.0,17.7,mwc,25.0,"Padang, Indonesia"
7.2,4.0,7.0,0.0,832.0,505.0,0.0,18.4,mwc,25.0,"Sungai Penuh, Indonesia"
6.5,4.0,6.0,0.0,654.0,429.0,0.0,28.3,mwc,22.0,"Sungai Penuh, Indonesia"
7.4,5.0,7.0,0.0,914.0,607.0,0.0,16.4,mwc,26.0,"Sinabang, Indonesia"
6.5,8.0,5.0,0.0,692.0,650.0,0.0,30.7,mwc,28.0,"Koróni, Greece"
6.9,6.0,6.0,0.0,941.0,645.0,0.0,30.6,mwc,29.0,"Methóni, Greece"
6.5,7.0,6.0,0.0,723.0,521.0,0.0,27.6,mwc,83.0,"General Pascual Fentes, Mexico"
6.6,7.0,6.0,0.0,808.0,461.0,0.0,18.8,mwc,20.0,"Gisborne, New Zealand"
6.7,5.0,7.0,0.0,704.0,481.0,0.0,30.3,mwb,45.0,Ant
7.4,7.0,7.0,0.0,1149.125,663.0,0.0,13.4,mwb,113.5,"Basse-Pointe, Martinique"
6.6,3.0,6.0,0.0,672.0,280.0,0.0,26.9,mwc,16.0,"Kirakira, Solomon Islands"
6.5,5.0,7.0,0.0,653.0,272.0,0.0,27.6,mwc,18.0,"Dompu, Indonesia"
6.5,7.0,7.0,0.0,657.0,353.0,0.0,27.5,mwc,20.0,"Dompu, Indonesia"
6.8,6.0,6.0,0.0,722.0,341.0,0.0,15.9,mwc,53.0,"Lae, Papua New Guinea"
6.8,7.0,6.0,0.0,790.0,649.0,0.0,27.0,mwc,113.5,"Macas, Ecuador"
6.8,6.0,7.0,0.0,716.0,285.0,0.0,40.1,mwc,26.0,Ant
7.7,8.0,7.0,0.0,995.0,610.0,0.0,22.4,mwc,40.0,"Tocopilla, Chile"
6.8,3.0,5.0,0.0,713.0,494.0,0.0,23.9,mwc,21.0,"Bengkulu, Indonesia"
6.8,4.0,7.0,0.0,744.0,338.0,0.0,19.0,mwc,18.0,"Te Anau, New Zealand"
6.8,4.0,5.0,0.0,713.0,348.0,0.0,15.5,mwc,40.0,"Kokopo, Papua New Guinea"
6.7,3.0,5.0,0.0,696.0,503.0,0.0,26.9,mwc,30.0,"Padang, Indonesia"
7.0,4.0,7.0,0.0,768.0,537.0,0.0,23.1,mwc,22.0,"Padang, Indonesia"
6.5,0.0,5.0,0.0,650.0,409.0,0.0,26.2,mwc,28.9,"Kepulauan Mentawai region, Indonesia"
7.85,8.0,7.0,0.0,1133.0,446.0,0.0,29.1,mwc,35.0,"Sungai Penuh, Indonesia"
7.8,7.0,8.0,0.0,1149.125,0.0,0.0,0.0,mww,40.5,"Sungai Penuh, Indonesia"
7.85,0.0,6.0,0.0,1086.0,411.0,0.0,32.3,mww,34.0,"Bengkulu, Indonesia"
6.8,5.0,6.0,0.0,747.0,653.0,0.0,17.6,mwc,15.0,"Timbiquí, Colombia"
7.2,0.0,5.0,0.0,798.0,312.0,0.0,21.3,mwc,35.0,"Lata, Solomon Islands"
6.5,5.0,6.0,0.0,675.0,382.0,0.0,12.8,mwc,15.0,"Malango, Solomon Islands"
7.85,9.0,8.0,0.0,1149.125,625.0,0.0,25.7,mwc,39.0,"San Vicente de Cañete, Peru"
7.5,0.0,5.0,0.0,865.0,228.0,0.0,30.7,mwc,113.5,"Rengasdengklok, Indonesia"
7.2,7.0,7.0,0.0,803.0,494.0,0.0,20.4,mwb,113.5,"Luganville, Vanuatu"
6.9,3.0,5.0,0.0,734.0,374.0,0.0,24.1,mwb,25.0,"Tobelo, Indonesia"
6.8,5.0,4.0,0.0,779.0,664.0,0.0,18.2,mwb,113.5,"Mikuni, Japan"
6.6,8.0,8.0,0.0,831.0,782.0,0.0,16.7,mwc,12.0,"Kashiwazaki, Japan"
6.7,6.0,6.0,0.0,972.0,468.0,0.0,37.7,mwc,23.0,"Iztapa, Guatemala"
6.9,0.0,7.0,0.0,732.0,305.0,0.0,15.3,mwc,10.0,"Panguna, Papua New Guinea"
6.6,0.0,7.0,0.0,670.0,251.0,0.0,16.0,mb,10.0,"Panguna, Papua New Guinea"
7.85,9.0,8.0,0.0,1025.0,439.0,0.0,14.7,mwc,24.0,"Gizo, Solomon Islands"
6.7,7.0,8.0,0.0,782.0,493.0,0.0,23.9,mwc,8.0,"Nanao, Japan"
7.1,3.0,6.0,0.0,779.0,426.0,0.0,25.3,mwb,34.0,"Isangel, Vanuatu"
6.7,0.0,6.0,0.0,691.0,253.0,0.0,40.3,mwc,12.0,S
7.5,6.0,5.0,0.0,874.0,570.0,0.0,21.6,mwc,22.0,"Ternate, Indonesia"
7.85,4.0,5.0,0.0,1034.0,606.0,0.0,14.0,mwc,10.0,the Kuril Islands
6.9,6.0,7.0,0.0,798.0,466.0,0.0,31.6,mwc,10.0,"Hengchun, Taiwan"
7.1,8.0,7.0,0.0,1023.0,744.0,0.0,29.1,mwb,10.0,"Hengchun, Taiwan"
7.85,4.0,7.0,0.0,1064.0,576.0,0.0,20.9,mwc,10.0,Kuril Islands
6.6,0.0,6.0,0.0,670.0,352.0,0.0,18.6,mwc,11.0,"Kimbe, Papua New Guinea"
6.7,5.0,6.0,0.0,732.0,444.0,0.0,53.4,mwc,23.0,"San Vicente de Cañete, Peru"
6.7,5.0,6.0,0.0,692.0,533.0,0.0,15.6,mwc,32.0,"Kimbe, Papua New Guinea"
6.7,8.0,9.0,0.0,1149.125,43.0,0.0,67.5,md,38.182,"Puako, Hawaii"
6.9,3.0,3.0,0.0,737.0,702.0,0.0,20.9,mwc,28.0,"Hihifo, Tonga"
6.8,0.0,6.0,0.0,711.0,459.0,0.0,28.4,mwb,38.0,"Panguna, Papua New Guinea"
6.5,0.0,6.0,0.0,650.0,700.0,0.0,47.4,mwb,43.0,"Ozernovskiy, Russia"
6.8,5.0,5.0,0.0,713.0,551.0,0.0,26.2,mwb,113.5,"Norsup, Vanuatu"
7.7,7.0,5.0,0.0,947.0,357.0,0.0,36.8,mwc,20.0,"Singaparna, Indonesia"
6.5,0.0,6.0,0.0,650.0,477.0,0.0,20.3,mwc,34.0,"Kimbe, Papua New Guinea"
6.6,0.0,7.0,0.0,670.0,548.0,0.0,28.0,mwc,19.0,"Tilichiki, Russia"
6.8,4.0,5.0,0.0,719.0,701.0,0.0,16.3,mwb,12.0,"Singkil, Indonesia"
7.85,7.0,7.0,0.0,1013.0,626.0,0.0,20.7,mwc,55.0,"Pangai, Tonga"
7.85,8.0,9.0,0.0,1026.0,0.0,0.0,0.0,mww,60.5,"Pangai, Tonga"
6.5,7.0,7.0,0.0,653.0,282.0,0.0,46.3,mwc,12.0,"Copiapó, Chile"
6.7,6.0,7.0,0.0,696.0,277.0,0.0,25.6,mwb,12.0,"Copiapó, Chile"
6.6,0.0,8.0,0.0,670.0,645.0,0.0,28.4,mwc,11.0,"Tilichiki, Russia"
7.6,0.0,8.0,0.0,889.0,579.0,0.0,18.5,mwc,22.0,"Tilichiki, Russia"
6.5,3.0,5.0,0.0,654.0,247.0,0.0,25.5,mwc,14.0,"Lautoka, Fiji"
6.7,0.0,7.0,0.0,691.0,306.0,0.0,21.3,mwb,30.1,"Ambon, Indonesia"
7.0,5.0,9.0,0.0,891.0,412.0,0.0,23.2,mwb,11.0,"Chipinge, Zimbabwe"
6.7,7.0,6.0,0.0,934.0,769.0,0.0,19.7,mwb,66.0,"Kýthira, Greece"
6.6,7.0,6.0,0.0,703.0,323.0,0.0,48.2,mwc,14.0,"Bahía de Kino, Mexico"
6.5,6.0,5.0,0.0,721.0,529.0,0.0,20.5,mwb,113.5,"Ashk?sham, Afghanistan"
6.8,5.0,7.0,0.0,744.0,561.0,0.0,20.0,mwc,22.0,"Kalemie, Democratic Republic"
6.5,4.0,5.0,0.0,683.0,464.0,0.0,48.8,mwc,29.0,"Ishinomaki, Japan"
6.5,3.0,6.0,0.0,651.0,358.0,0.0,20.7,mwb,21.0,"Sinabang, Indonesia"
6.8,0.0,6.0,0.0,711.0,509.0,0.0,30.1,mwb,113.5,"San Pedro de Atacama, Chile"
7.6,9.0,9.0,0.0,1149.125,724.0,0.0,21.1,mwc,26.0,"Muzaffar?b?d, Pakistan"
6.6,0.0,6.0,0.0,670.0,402.0,0.0,17.7,mwc,25.0,"Kokopo, Papua New Guinea"
7.5,8.0,7.0,0.0,1018.0,696.0,0.0,26.2,mwb,113.5,"Yurimaguas, Peru"
7.6,5.0,7.0,0.0,891.0,502.0,0.0,20.0,mwc,90.0,"Kokopo, Papua New Guinea"
7.2,7.0,7.0,0.0,1104.0,698.0,0.0,19.6,mwc,36.0,"Ishinomaki, Japan"
7.2,4.0,5.0,0.0,808.0,636.0,0.0,26.4,mwc,16.0,"Nicobar Islands, India region"
6.7,3.0,6.0,0.0,693.0,398.0,0.0,22.3,mwc,21.0,"Singkil, Indonesia"
6.6,6.0,5.0,0.0,719.0,446.0,0.0,21.1,mwc,27.0,"San Juan del Sur, Nicaragua"
7.2,5.0,4.0,0.0,1149.125,420.0,0.0,31.4,mwc,16.0,"Big Lagoon, California"
7.8,8.0,7.0,0.0,1020.0,714.0,0.0,16.1,mwb,113.5,"Iquique, Chile"
6.9,5.0,7.0,0.0,740.0,635.0,0.0,26.0,mwc,30.0,"Singkil, Indonesia"
6.7,6.0,5.0,0.0,731.0,695.0,0.0,20.9,mwb,34.0,"Padangsidempuan, Indonesia"
6.5,3.0,6.0,0.0,657.0,478.0,0.0,21.2,mwc,30.0,"Padang, Indonesia"
6.7,5.0,6.0,0.0,717.0,656.0,0.0,21.2,mwc,19.0,"Padang, Indonesia"
7.85,0.0,8.0,0.0,1138.0,510.0,0.0,22.1,mww,30.0,"Singkil, Indonesia"
6.6,8.0,7.0,0.0,805.0,401.0,0.0,22.9,mwc,10.0,"Maebaru-ch??, Japan"
7.1,0.0,5.0,0.0,776.0,569.0,0.0,18.1,mwb,113.5,Banda Sea
6.8,0.0,6.0,0.0,711.0,444.0,0.0,33.8,mwb,36.0,"Sinabang, Indonesia"
6.5,0.0,7.0,0.0,650.0,371.0,0.0,31.8,mwb,10.0,"Katabu, Indonesia"
6.5,3.0,5.0,0.0,652.0,286.0,0.0,47.3,mwc,39.7,"Pulau-Pulau Talaud, Indonesia"
6.7,0.0,4.0,0.0,691.0,457.0,0.0,30.2,mwb,113.5,"Sola, Vanuatu"
7.1,7.0,3.0,0.0,782.0,640.0,0.0,26.4,mwc,113.5,"Palimbang, Philippines"
6.6,6.0,4.0,0.0,676.0,225.0,0.0,67.5,mwc,27.8,"Katsuura, Japan"
6.6,0.0,5.0,0.0,670.0,353.0,0.0,31.9,mwc,16.1,"Nicobar Islands, India region"
7.2,5.0,6.0,0.0,802.0,385.0,0.0,27.9,mwc,39.2,"Sabang, Indonesia"
7.85,0.0,8.0,0.0,1149.125,601.0,0.0,22.0,mw,30.0,2004 Sumatra - Andaman Islands Earthquake
7.85,0.0,5.0,0.0,1009.0,331.0,0.0,59.3,mwc,10.0,Macquarie Island
6.8,5.0,6.0,0.0,858.0,639.0,0.0,21.8,mwb,10.0,"George Town, Cayman Islands"
6.8,4.0,7.0,0.0,724.0,759.0,0.0,23.6,mwb,35.0,"Nemuro, Japan"
7.0,4.0,7.0,0.0,771.0,929.0,0.0,23.9,mwb,39.0,"Nemuro, Japan"
7.1,0.0,7.0,0.0,776.0,439.0,0.0,28.8,mwc,10.0,"Nabire, Indonesia"
7.1,5.0,5.0,0.0,782.0,585.0,0.0,14.7,mwc,10.0,"Riverton, New Zealand"
7.2,8.0,8.0,0.0,820.0,708.0,0.0,50.2,mwb,15.0,"Pizarro, Colombia"
7.5,5.0,7.0,0.0,870.0,301.0,0.0,33.8,mwc,10.0,"Maubara, Timor Leste"
6.7,0.0,6.0,0.0,691.0,233.0,0.0,21.5,mwb,10.0,"Kirakira, Solomon Islands"
6.7,7.0,4.0,0.0,703.0,459.0,0.0,37.3,mwb,10.0,"Port McNeill, Canada"
6.6,0.0,8.0,0.0,670.0,782.0,0.0,37.0,mwc,16.0,"Ojiya, Japan"
6.7,5.0,6.0,0.0,705.0,698.0,0.0,24.7,mwb,94.0,"Yonakuni, Japan"
7.0,0.0,6.0,0.0,754.0,441.0,0.0,32.2,mwc,35.0,"Masachapa, Nicaragua"
6.5,5.0,5.0,0.0,665.0,526.0,0.0,18.3,mwb,105.0,"Talisay, Philippines"
6.8,0.0,6.0,0.0,711.0,545.0,0.0,15.7,mwb,36.0,"Kirakira, Solomon Islands"
6.6,0.0,4.0,0.0,670.0,478.0,0.0,29.8,mwc,10.0,"Shing?, Japan"
7.4,0.0,5.0,0.0,842.0,594.0,0.0,27.5,mwb,10.0,"Shing?, Japan"
7.2,0.0,5.0,0.0,798.0,643.0,0.0,28.4,mwc,14.0,"Shing?, Japan"
6.5,0.0,7.0,0.0,650.0,349.0,0.0,30.1,mwb,5.0,"Teno, Chile"
6.5,0.0,7.0,0.0,650.0,305.0,0.0,39.0,mwc,13.4,"Manokwari, Indonesia"
6.9,0.0,5.0,0.0,732.0,798.0,0.0,31.2,mwb,113.5,"Atlasovo, Russia"
6.6,0.0,7.0,0.0,670.0,282.0,0.0,46.9,mwb,21.0,"Cañete, Chile"
6.7,0.0,5.0,0.0,691.0,386.0,0.0,27.6,mwb,65.8,"Naisano Dua, Indonesia"
6.5,0.0,4.0,0.0,650.0,424.0,0.0,29.9,mwb,113.5,"Sola, Vanuatu"
6.6,0.0,4.0,0.0,670.0,728.0,0.0,18.3,mwb,113.5,Afghanistan-Tajikistan-Pakistan region
6.7,0.0,7.0,0.0,691.0,256.0,0.0,33.3,mwc,25.7,"Nabire, Indonesia"
7.3,0.0,7.0,0.0,820.0,390.0,0.0,23.0,mwb,10.0,"Papua, Indonesia"
7.0,0.0,7.0,0.0,754.0,367.0,0.0,33.0,mwc,16.6,"Nabire, Indonesia"
6.7,0.0,6.0,0.0,691.0,243.0,0.0,42.5,mwb,17.4,"Ambon, Indonesia"
7.3,0.0,4.0,0.0,820.0,235.0,0.0,46.6,mwc,10.0,"Tadine, New Caledonia"
6.6,0.0,9.0,0.0,670.0,552.0,0.0,44.8,mwc,10.0,"Bam, Iran"
6.5,0.0,6.0,0.0,650.0,405.0,0.0,48.4,mwb,33.0,"Progreso, Panama"
6.5,7.0,9.0,0.0,1149.125,65.0,0.04685,67.5,mw,8.382,"San Simeon, California"
6.8,0.0,7.0,0.0,711.0,447.0,0.0,27.7,mwb,10.0,"Yujing, Taiwan"
6.6,0.0,6.0,0.0,670.0,384.0,0.0,25.1,mwb,35.0,"Kimbe, Papua New Guinea"
6.5,0.0,6.0,0.0,650.0,487.0,0.0,45.9,mwb,35.0,"Can-Avid, Philippines"
6.6,0.0,5.0,0.0,670.0,475.0,0.0,26.2,mwb,113.5,"Isangel, Vanuatu"
7.0,0.0,5.0,0.0,754.0,568.0,0.0,61.2,mwb,10.0,"Ishinomaki, Japan"
6.7,0.0,6.0,0.0,691.0,556.0,0.0,55.4,mwc,32.0,"Kushiro, Japan"
6.7,0.0,7.0,0.0,691.0,643.0,0.0,24.5,mwb,10.0,"Aktash, Russia"
6.5,0.0,5.0,0.0,650.0,586.0,0.0,67.5,mwc,25.0,"Kushiro, Japan"
7.3,0.0,7.0,0.0,820.0,667.0,0.0,24.5,mwb,16.0,"Aktash, Russia"
7.4,0.0,7.0,0.0,842.0,514.0,0.0,67.5,mwc,33.0,"Shizunai-furukawach?, Japan"
7.85,0.0,9.0,0.0,1024.0,0.0,0.0,0.0,mww,27.0,"Kushiro, Japan"
6.6,0.0,7.0,0.0,670.0,518.0,0.0,24.7,mwb,10.0,"Taungdwingyi, Myanmar"
7.2,0.0,7.0,0.0,798.0,428.0,0.0,17.5,mwc,28.0,"Te Anau, New Zealand"
7.6,0.0,6.0,0.0,889.0,315.0,0.0,25.2,mwc,10.0,Scotia Sea
6.5,0.0,6.0,0.0,650.0,156.0,0.0,31.4,mwb,33.0,"Rabaul, Papua New Guinea"
6.8,0.0,7.0,0.0,711.0,398.0,0.0,39.1,mwc,33.0,"Ovalle, Chile"
6.9,0.0,5.0,0.0,732.0,733.0,0.0,26.7,mwb,113.5,"Atlasovo, Russia"
6.6,0.0,6.0,0.0,670.0,419.0,0.0,27.8,mwc,33.0,"Kokopo, Papua New Guinea"
7.0,0.0,6.0,0.0,754.0,473.0,0.0,30.3,mwc,31.0,"Tobelo, Indonesia"
7.0,0.0,7.0,0.0,754.0,690.0,0.0,19.1,mwb,68.0,"?funato, Japan"
6.8,0.0,9.0,0.0,711.0,534.0,0.0,19.4,mwc,12.0,"Dellys, Algeria"
6.5,0.0,7.0,0.0,650.0,247.0,0.0,28.7,mwc,33.0,"Ruteng, Indonesia"
6.8,0.0,7.0,0.0,711.0,431.0,0.0,38.4,mwc,40.2,"Kokopo, Papua New Guinea"
7.6,0.0,7.0,0.0,889.0,551.0,0.0,0.0,mwb,24.0,"Cuyutlán, Mexico"
6.5,0.0,6.0,0.0,650.0,316.0,0.0,0.0,mwc,24.0,"Puerto San José, Guatemala"
7.3,0.0,6.0,0.0,820.0,457.0,0.0,0.0,mwc,33.0,"Kirakira, Solomon Islands"
6.7,0.0,5.0,0.0,691.0,323.0,0.0,0.0,mwb,71.9,"Kokopo, Papua New Guinea"
6.7,0.0,6.0,0.0,691.0,453.0,0.0,0.0,mwb,34.0,"New Ireland region, Papua New Guinea"
7.85,8.0,9.0,0.0,1149.125,0.0,0.0,0.0,mw,4.2,"Cantwell, Alaska"
7.4,0.0,7.0,0.0,842.0,418.0,0.0,0.0,mwb,30.0,"Sinabang, Indonesia"
6.6,0.0,7.0,0.0,670.0,0.0,0.0,0.0,mw,4.2,"Cantwell, Alaska"
6.7,0.0,7.0,0.0,691.0,250.0,0.0,0.0,ms,10.0,"Manokwari, Indonesia"
7.6,0.0,7.0,0.0,889.0,375.0,0.0,0.0,mwc,10.0,"Manokwari, Indonesia"
6.5,0.0,6.0,0.0,650.0,646.0,0.0,0.0,mwc,21.0,"Bamboo Flat, India"
7.6,0.0,7.0,0.0,889.0,428.0,0.0,0.0,mwc,13.0,"Aitape, Papua New Guinea"
6.5,0.0,4.0,0.0,650.0,260.0,0.0,0.0,mwc,30.0,"San Jose Village, Northern Mariana Islands"
6.5,0.0,7.0,0.0,650.0,533.0,0.0,0.0,mwc,10.0,"Punta de Burica, Panama"
6.5,0.0,8.0,0.0,650.0,555.0,0.0,0.0,mwc,10.0,"Abhar, Iran"
6.6,0.0,7.0,0.0,670.0,420.0,0.0,0.0,mwb,54.0,"Monte Patria, Chile"
6.7,0.0,5.0,0.0,691.0,272.0,0.0,0.0,mwc,33.0,"Sola, Vanuatu"
7.1,0.0,7.0,0.0,776.0,257.0,0.0,0.0,mwc,85.7,"Merizo Village, Guam"
6.7,0.0,7.0,0.0,691.0,462.0,0.0,0.0,mwb,62.0,"Copiapó, Chile"
6.8,0.0,6.0,0.0,711.0,292.0,0.0,0.0,mwc,24.9,"Nuxco, Mexico"
7.1,0.0,6.0,0.0,776.0,550.0,0.0,0.0,mwc,32.8,"Hualien City, Taiwan"
6.5,0.0,5.0,0.0,650.0,486.0,0.0,0.0,mwc,113.5,"Calama, Chile"
7.5,0.0,7.0,0.0,865.0,321.0,0.0,0.0,mwc,31.0,"Mindanao, Philippines"
7.4,0.0,5.0,0.0,842.0,138.0,0.0,0.0,mwc,113.5,"Jurm, Afghanistan"
6.6,0.0,6.0,0.0,670.0,444.0,0.0,0.0,mwc,39.0,"Kimbe, Papua New Guinea"
6.5,0.0,7.0,0.0,650.0,482.0,0.0,0.0,mwc,5.0,"Sultanda??, Turkey"
6.7,0.0,8.0,0.0,691.0,333.0,0.0,0.0,mwc,11.0,"Aitape, Papua New Guinea"
6.6,0.0,6.0,0.0,670.0,386.0,0.0,0.0,mwc,10.0,"Port-Vila, Vanuatu"
7.2,0.0,6.0,0.0,798.0,427.0,0.0,0.0,mwc,21.0,"Port-Vila, Vanuatu"
6.8,0.0,7.0,0.0,711.0,385.0,0.0,0.0,mwc,16.0,"Malango, Solomon Islands"
6.8,0.0,5.0,0.0,711.0,499.0,0.0,0.0,mwc,14.0,"Yonakuni, Japan"
6.5,0.0,5.0,0.0,650.0,605.0,0.0,0.0,mwc,113.5,"Hanamaki, Japan"
7.8,0.0,9.0,0.0,936.0,368.0,0.0,0.0,mwc,10.0,"Southern Qinghai, China"
7.0,0.0,7.0,0.0,754.0,254.0,0.0,0.0,mwc,33.0,"Kimbe, Papua New Guinea"
7.5,0.0,6.0,0.0,865.0,234.0,0.0,0.0,mwc,33.0,"Kendari, Indonesia"
7.0,0.0,6.0,0.0,754.0,482.0,0.0,0.0,mwc,37.0,"Inarajan Village, Guam"
6.5,0.0,6.0,0.0,650.0,174.0,0.0,0.0,mwc,33.0,"Manokwari, Indonesia"
6.6,6.0,6.0,0.0,754.0,0.0,0.0,0.0,mw,113.5,"Kokhanok, Alaska"
6.5,0.0,8.0,0.0,650.0,483.0,0.0,0.0,mwc,10.0,"Skýros, Greece"
7.6,0.0,7.0,0.0,889.0,398.0,0.0,0.0,mwc,33.0,"Punta de Bombón, Peru"
6.6,0.0,7.0,0.0,670.0,324.0,0.0,0.0,mwc,62.0,"Achanizo, Peru"
6.7,0.0,6.0,0.0,691.0,422.0,0.0,0.0,mwc,24.0,"Pacocha, Peru"
7.85,0.0,8.0,0.0,1086.0,518.0,0.0,0.0,mww,33.0,"Atico, Peru"
6.7,0.0,6.0,0.0,691.0,282.0,0.0,0.0,mwc,17.0,"Panguna, Papua New Guinea"
6.8,0.0,7.0,0.0,711.0,596.0,0.0,0.0,mwc,50.0,"Kure, Japan"
6.5,0.0,6.0,0.0,650.0,206.0,0.0,0.0,mwc,33.0,"Ambon, Indonesia"
6.8,7.0,7.0,0.0,1149.125,67.0,0.0,31.0,md,51.798,"Longbranch, Washington"
7.1,0.0,7.0,0.0,776.0,426.0,0.0,0.0,mwc,35.0,"Ternate, Indonesia"
7.4,0.0,6.0,0.0,842.0,221.0,0.0,0.0,mwc,36.0,"Bengkulu, Indonesia"
6.6,0.0,8.0,0.0,670.0,273.0,0.0,0.0,mwc,10.0,"Cojutepeque, El Salvador"
7.7,0.0,9.0,0.0,912.0,472.0,0.0,0.0,mwc,16.0,"Bhach?u, India"
6.9,0.0,6.0,0.0,732.0,117.0,0.0,0.0,mwb,28.0,"Bengkulu, Indonesia"
7.7,0.0,8.0,0.0,912.0,427.0,0.0,0.0,mwc,60.0,"Puerto El Triunfo, El Salvador"
6.9,5.0,7.0,0.0,745.0,0.0,0.0,0.0,mw,36.4,"Old Harbor, Alaska"
7.1,0.0,7.0,0.0,776.0,372.0,0.0,0.0,mwb,103.0,"Port-Olry, Vanuatu"
6.8,0.0,5.0,0.0,711.0,64.0,0.0,0.0,mwc,33.0,"Mindanao, Philippines"
7.5,0.0,7.0,0.0,865.0,324.0,0.0,0.0,mwc,33.0,"Lukatan, Philippines"
6.5,0.0,7.0,0.0,650.0,401.0,0.0,0.0,mwc,31.0,"Kokopo, Papua New Guinea"
7.0,0.0,7.0,0.0,754.0,495.0,0.0,0.0,mwc,30.0,"Balkanabat, Turkmenistan"
6.5,0.0,6.0,0.0,650.0,268.0,0.0,0.0,mwc,33.0,"Badamdar, Azerbaijan"
6.8,0.0,6.0,0.0,711.0,446.0,0.0,0.0,mwc,50.4,"Baku, Azerbaijan"
6.8,0.0,6.0,0.0,711.0,402.0,0.0,0.0,mwb,33.0,"Kokopo, Papua New Guinea"
6.6,0.0,6.0,0.0,670.0,267.0,0.0,0.0,mwc,33.0,"Kokopo, Papua New Guinea"
7.8,0.0,7.0,0.0,936.0,346.0,0.0,0.0,mwc,33.0,"Kokopo, Papua New Guinea"
6.5,0.0,6.0,0.0,650.0,71.0,0.0,0.0,mb,33.0,"Kokopo, Papua New Guinea"
7.8,0.0,7.0,0.0,936.0,294.0,0.0,0.0,mwc,30.0,"Kokopo, Papua New Guinea"
7.85,0.0,7.0,0.0,985.0,254.0,0.0,0.0,mwc,33.0,"Rabaul, Papua New Guinea"
6.5,0.0,7.0,0.0,650.0,462.0,0.0,0.0,mwc,17.0,"Juradó, Colombia"
7.0,0.0,7.0,0.0,754.0,60.0,0.0,0.0,mwc,50.0,"Kokopo, Papua New Guinea"
6.8,0.0,6.0,0.0,711.0,415.0,0.0,0.0,mwc,38.0,"Labuan, Indonesia"
6.7,0.0,8.0,0.0,691.0,390.0,0.0,0.0,mwc,10.0,"Matsue, Japan"
7.0,0.0,7.0,0.0,754.0,357.0,0.0,0.0,mwc,23.0,"Luganville, Vanuatu"
6.5,0.0,6.0,0.0,650.0,415.0,0.0,0.0,mwb,34.0,"Nkove, Tanzania"
6.8,0.0,6.0,0.0,711.0,336.0,0.0,0.0,mwc,16.0,"Ambon, Indonesia"
6.5,0.0,6.0,0.0,650.0,481.0,0.0,0.0,mwc,45.8,"El Habillal, Mexico"
6.8,0.0,7.0,0.0,711.0,593.0,0.0,0.0,mwc,10.0,"Uglegorsk, Russia"
6.6,0.0,6.0,0.0,670.0,218.0,0.0,0.0,mwc,33.0,"Lata, Solomon Islands"
6.5,0.0,7.0,0.0,650.0,428.0,0.0,0.0,mwc,10.0,"Shimoda, Japan"
6.6,0.0,5.0,0.0,670.0,367.0,0.0,0.0,mwc,10.0,"Kandrian, Papua New Guinea"
6.5,0.0,6.0,0.0,650.0,0.0,0.0,0.0,mw,42.9,"Larsen Bay, Alaska"
6.5,0.0,9.0,0.0,650.0,351.0,0.0,0.0,mwc,10.0,"Selfoss, Iceland"
7.85,0.0,5.0,0.0,960.0,405.0,0.0,0.0,mwc,10.0,South Indian Ocean
6.5,0.0,8.0,0.0,650.0,406.0,0.0,0.0,mwc,10.0,"Selfoss, Iceland"
6.7,0.0,5.0,0.0,691.0,352.0,0.0,0.0,mwc,33.0,"Bengkulu, Indonesia"
6.7,0.0,5.0,0.0,691.0,147.0,0.0,0.0,mb,33.0,"Bengkulu, Indonesia"
7.85,0.0,8.0,0.0,960.0,379.0,0.0,0.0,mwc,33.0,"Bengkulu, Indonesia"
7.2,0.0,5.0,0.0,798.0,0.0,0.0,0.0,mwc,113.5,"San Antonio de los Cobres, Argentina"
7.6,0.0,7.0,0.0,889.0,0.0,0.0,0.0,mwc,26.0,"Luwuk, Indonesia"
6.6,0.0,8.0,0.0,670.0,0.0,0.0,0.0,mwc,10.0,"Ialibu, Papua New Guinea"
6.6,0.0,6.0,0.0,670.0,0.0,0.0,0.0,mwc,33.0,"Kimbe, Papua New Guinea"
6.8,0.0,6.0,0.0,711.0,0.0,0.0,0.0,mwc,61.1,"Shikotan, Russia"
7.2,0.0,6.0,0.0,798.0,0.0,0.0,0.0,mwc,113.5,"Hihifo, Tonga"
6.9,0.0,6.0,0.0,732.0,0.0,0.0,0.0,mwb,33.0,"Lata, Solomon Islands"
6.5,0.0,6.0,0.0,650.0,0.0,0.0,0.0,mwb,56.0,"Labuan, Indonesia"
7.3,0.0,7.0,0.0,820.0,0.0,0.0,0.0,mwc,33.0,"Bolitoc, Philippines"
7.0,0.0,7.0,0.0,754.0,0.0,0.0,0.0,mw,43.6,"Karluk, Alaska"
6.6,0.0,5.0,0.0,670.0,0.0,0.0,0.0,mwb,113.5,"Arica, Chile"
7.5,0.0,7.0,0.0,865.0,0.0,0.0,0.0,mwc,33.0,"Lakatoro, Vanuatu"
7.0,0.0,6.0,0.0,754.0,0.0,0.0,0.0,mwc,33.0,"Kandrian, Papua New Guinea"
6.9,0.0,6.0,0.0,732.0,0.0,0.0,0.0,mwc,47.5,"Kandrian, Papua New Guinea"
7.2,0.0,9.0,0.0,798.0,0.0,0.0,0.0,mwc,10.0,"Düzce, Turkey"
6.5,0.0,4.0,0.0,650.0,0.0,0.0,0.0,mwc,113.5,"Ashk?sham, Afghanistan"
7.1,8.0,8.0,0.0,1149.125,73.0,0.0,57.0,mw,13.73,"Hector Mine, CA Earthquake"
7.5,0.0,8.0,0.0,865.0,0.0,0.0,0.0,mwc,60.6,"San Baltazar Loxicha, Mexico"
6.5,0.0,7.0,0.0,650.0,0.0,0.0,0.0,mwc,17.0,"Puli, Taiwan"
7.7,0.0,9.0,0.0,912.0,0.0,0.0,0.0,mwc,33.0,"Puli, Taiwan"
6.6,0.0,6.0,0.0,670.0,0.0,0.0,0.0,mwc,33.0,"Lakatoro, Vanuatu"
6.9,0.0,6.0,0.0,732.0,0.0,0.0,0.0,mwc,20.0,"Quepos, Costa Rica"
7.6,0.0,9.0,0.0,889.0,0.0,0.0,0.0,mwc,17.0,"Derince, Turkey"
6.7,0.0,8.0,0.0,691.0,0.0,0.0,0.0,mwc,10.0,"Potrerillos, Honduras"
7.0,0.0,7.0,0.0,754.0,0.0,0.0,0.0,mwc,70.0,"Texcala, Mexico"
6.6,0.0,5.0,0.0,670.0,0.0,0.0,0.0,mwc,27.0,"Kokopo, Papua New Guinea"
7.1,0.0,7.0,0.0,776.0,0.0,0.0,0.0,mwc,73.7,"Kokopo, Papua New Guinea"
7.1,0.0,7.0,0.0,776.0,0.0,0.0,0.0,mwb,113.5,"Kimbe, Papua New Guinea"
6.8,0.0,5.0,0.0,711.0,0.0,0.0,0.0,mwc,113.5,"Haveluloto, Tonga"
7.4,0.0,7.0,0.0,842.0,0.0,0.0,0.0,mwc,113.5,"Kimbe, Papua New Guinea"
6.8,0.0,7.0,0.0,711.0,0.0,0.0,0.0,mwc,87.2,"Camaná, Peru"
6.6,0.0,7.0,0.0,670.0,0.0,0.0,0.0,mwb,15.0,"P?palkoti, India"
6.9,0.0,6.0,0.0,732.0,0.0,0.0,0.0,mwc,33.0,"Adak, Alaska"
6.9,0.0,5.0,0.0,732.0,0.0,0.0,0.0,mwc,56.6,"Vilyuchinsk, Russia"
7.1,0.0,6.0,0.0,776.0,0.0,0.0,0.0,mwc,33.0,"Tabiauan, Philippines"
6.6,0.0,7.0,0.0,670.0,0.0,0.0,0.0,mwc,33.0,"K?h Sef?d, Iran"
7.3,0.0,7.0,0.0,820.0,0.0,0.0,0.0,mwc,90.1,"Sola, Vanuatu"
6.6,0.0,6.0,0.0,670.0,0.0,0.0,0.0,mwc,67.2,"Nikolski, Alaska"
7.0,0.0,7.0,0.0,754.0,0.0,0.0,0.0,mwc,113.5,"Kokopo, Papua New Guinea"
6.8,0.0,5.0,0.0,711.0,0.0,0.0,0.0,mwc,113.5,"Haveluloto, Tonga"
7.7,0.0,7.0,0.0,912.0,0.0,0.0,0.0,mwc,33.0,"Luwuk, Indonesia"
7.0,0.0,7.0,0.0,754.0,0.0,0.0,0.0,mwc,33.0,"Lospalos, Timor Leste"
6.7,0.0,6.0,0.0,691.0,0.0,0.0,0.0,mwc,33.0,"Lospalos, Timor Leste"
6.6,0.0,5.0,0.0,670.0,0.0,0.0,0.0,mwb,113.5,"Sumberpucung, Indonesia"
6.6,0.0,6.0,0.0,670.0,0.0,0.0,0.0,mwc,27.0,"Coquimbo, Chile"
6.8,0.0,5.0,0.0,711.0,0.0,0.0,0.0,mwc,50.0,"Pondaguitan, Philippines"
7.2,0.0,7.0,0.0,798.0,0.0,0.0,0.0,mwc,33.0,"Bahía de Caráquez, Ecuador"
6.7,0.0,6.0,0.0,691.0,0.0,0.0,0.0,mwc,33.0,"Abepura, Indonesia"
7.0,0.0,7.0,0.0,754.0,0.0,0.0,0.0,mwc,10.0,"Aitape, Papua New Guinea"
7.0,0.0,7.0,0.0,754.0,0.0,0.0,0.0,mwc,110.2,"Lata, Solomon Islands"
6.6,0.0,6.0,0.0,670.0,0.0,0.0,0.0,mwb,33.0,"Rust?q, Afghanistan"
6.6,0.0,8.0,0.0,670.0,0.0,0.0,0.0,mwb,24.0,"Mizque, Bolivia"
6.7,0.0,6.0,0.0,691.0,0.0,0.0,0.0,mwb,33.0,"Palu, Indonesia"
6.6,0.0,6.0,0.0,670.0,0.0,0.0,0.0,mwc,61.4,"Kokopo, Papua New Guinea"
7.5,0.0,5.0,0.0,865.0,0.0,0.0,0.0,mwb,33.0,"Ishigaki, Japan"
6.6,0.0,5.0,0.0,670.0,0.0,0.0,0.0,mwc,113.5,"San Fernando, Peru"
7.0,0.0,6.0,0.0,754.0,0.0,0.0,0.0,mwc,55.7,"Pariaman, Indonesia"
6.6,0.0,8.0,0.0,670.0,0.0,0.0,0.0,mwc,9.0,"Kerman, Iran"
7.1,0.0,7.0,0.0,776.0,0.0,0.0,0.0,mwc,42.0,Ant
6.7,0.0,6.0,0.0,691.0,0.0,0.0,0.0,mwc,23.4,"Labasa, Fiji"
6.6,0.0,7.0,0.0,670.0,0.0,0.0,0.0,mwc,34.8,"Ovalle, Chile"
6.6,0.0,6.0,0.0,670.0,0.0,0.0,0.0,mwc,33.0,"San José El Ídolo, Guatemala"
7.2,0.0,6.0,0.0,798.0,0.0,0.0,0.0,mwc,113.5,"Finschhafen, Papua New Guinea"
7.8,0.0,7.0,0.0,936.0,0.0,0.0,0.0,mwc,33.0,"Ust’-Kamchatsk Staryy, Russia"
7.0,0.0,6.0,0.0,754.0,0.0,0.0,0.0,mwc,24.0,"Gorontalo, Indonesia"
6.6,0.0,7.0,0.0,670.0,0.0,0.0,0.0,mwc,33.0,"Lithakiá, Greece"
7.0,0.0,6.0,0.0,754.0,0.0,0.0,0.0,mwc,113.5,"Port-Olry, Vanuatu"
6.5,0.0,4.0,0.0,650.0,0.0,0.0,0.0,mwb,113.5,"San Sebastián, El Salvador"
7.5,0.0,7.0,0.0,865.0,0.0,0.0,0.0,mwc,33.0,western Xizang
7.2,0.0,7.0,0.0,798.0,0.0,0.0,0.0,mwc,112.0,"Barranca, Peru"
7.1,0.0,7.0,0.0,776.0,0.0,0.0,0.0,mwc,58.0,"Monte Patria, Chile"
7.8,0.0,7.0,0.0,936.0,0.0,0.0,0.0,mwb,113.5,"Haveluloto, Tonga"
6.5,0.0,5.0,0.0,650.0,0.0,0.0,0.0,mwb,105.6,"Talisay, Philippines"
6.8,0.0,5.0,0.0,711.0,0.0,0.0,0.0,mwb,113.5,"Roncesvalles, Colombia"
6.6,0.0,6.0,0.0,670.0,0.0,0.0,0.0,mwc,22.8,"Angoram, Papua New Guinea"
6.9,0.0,6.0,0.0,732.0,0.0,0.0,0.0,mwb,33.0,"El Ciruelo, Mexico"
7.0,0.0,8.0,0.0,754.0,0.0,0.0,0.0,mwc,19.9,"Carúpano, Venezuela"
6.8,0.0,6.0,0.0,711.0,0.0,0.0,0.0,mwc,19.0,"Coquimbo, Chile"
6.5,0.0,6.0,0.0,650.0,0.0,0.0,0.0,mwc,70.0,"Churumuco de Morelos, Mexico"
6.8,0.0,6.0,0.0,711.0,0.0,0.0,0.0,mwc,57.0,"Isangel, Vanuatu"
6.5,0.0,4.0,0.0,650.0,0.0,0.0,0.0,mwb,113.5,"Jurm, Afghanistan"
7.3,0.0,9.0,0.0,820.0,0.0,0.0,0.0,mwb,10.0,"Q?’en, Iran"
6.5,0.0,6.0,0.0,650.0,0.0,0.0,0.0,mwc,100.8,"Yigo Village, Guam"
6.7,0.0,7.0,0.0,691.0,0.0,0.0,0.0,mwb,5.0,"Scarborough, Trinidad and Tobago"
7.7,0.0,6.0,0.0,912.0,0.0,0.0,0.0,mwc,33.0,"Sola, Vanuatu"
6.5,0.0,6.0,0.0,650.0,0.0,0.0,0.0,mwc,69.1,"Finschhafen, Papua New Guinea"
6.9,0.0,5.0,0.0,732.0,0.0,0.0,0.0,mwb,10.0,"Kinablangan, Philippines"
7.1,0.0,6.0,0.0,776.0,0.0,0.0,0.0,mwc,33.0,"Harnai, Pakistan"
6.5,0.0,8.0,0.0,650.0,0.0,0.0,0.0,mwc,10.0,Turkmenistan-Iran border region
7.2,0.0,7.0,0.0,798.0,0.0,0.0,0.0,mwb,33.0,"El Habillal, Mexico"
6.5,0.0,4.0,0.0,650.0,0.0,0.0,0.0,mwc,113.5,"Iwanai, Japan"
6.7,0.0,6.0,0.0,691.0,0.0,0.0,0.0,mwc,49.2,"Miyazaki, Japan"
6.9,0.0,7.0,0.0,732.0,0.0,0.0,0.0,mwc,33.0,"Thang, India"
7.7,0.0,7.0,0.0,912.0,0.0,0.0,0.0,mwc,33.0,"Changuillo, Peru"
6.7,0.0,7.0,0.0,691.0,0.0,0.0,0.0,mwc,22.0,"Miyazaki, Japan"
6.6,0.0,7.0,0.0,670.0,0.0,0.0,0.0,mwc,10.0,"Nishinoomote, Japan"
6.8,0.0,6.0,0.0,711.0,0.0,0.0,0.0,mwc,24.0,"Panguna, Papua New Guinea"
6.8,0.0,6.0,0.0,711.0,0.0,0.0,0.0,mwc,33.0,"Paphos, Cyprus"
6.6,0.0,6.0,0.0,670.0,0.0,0.0,0.0,mwc,33.0,"Cortes, Philippines"
6.6,0.0,6.0,0.0,670.0,0.0,0.0,0.0,mwc,33.0,"Cortes, Philippines"
6.8,0.0,6.0,0.0,711.0,0.0,0.0,0.0,mwc,20.0,"Hengchun, Taiwan"
6.9,0.0,6.0,0.0,732.0,0.0,0.0,0.0,mwc,33.0,"Kirakira, Solomon Islands"
7.0,0.0,6.0,0.0,754.0,0.0,0.0,0.0,mwc,33.0,"Palu, Indonesia"
6.6,0.0,6.0,0.0,670.0,0.0,0.0,0.0,mwb,33.0,"Palu, Indonesia"
6.8,0.0,6.0,0.0,711.0,0.0,0.0,0.0,mwb,18.3,"Coyuquilla Norte, Mexico"
7.85,0.0,4.0,0.0,960.0,0.0,0.0,0.0,mwc,113.5,"Maumere, Indonesia"
7.1,0.0,6.0,0.0,776.0,0.0,0.0,0.0,mwc,33.0,"Palapag, Philippines"
7.3,0.0,7.0,0.0,820.0,0.0,0.0,0.0,mwc,26.3,"Adak, Alaska"
7.85,0.0,7.0,0.0,960.0,0.0,0.0,0.0,mwc,33.0,"Adak, Alaska"
6.7,0.0,4.0,0.0,691.0,0.0,0.0,0.0,mwc,113.5,"Sola, Vanuatu"
7.2,0.0,6.0,0.0,798.0,0.0,0.0,0.0,mwc,44.0,"Panguna, Papua New Guinea"
6.6,0.0,7.0,0.0,670.0,0.0,0.0,0.0,mwb,49.5,Ant
6.7,0.0,5.0,0.0,691.0,0.0,0.0,0.0,mwc,113.5,"Port-Olry, Vanuatu"
6.7,0.0,6.0,0.0,691.0,0.0,0.0,0.0,mwc,33.0,"Villa El Carmen, Nicaragua"
6.6,0.0,6.0,0.0,670.0,0.0,0.0,0.0,mwc,33.0,"Masachapa, Nicaragua"
7.1,0.0,7.0,0.0,776.0,0.0,0.0,0.0,mw,21.1,"Santa María Chico Ometepec, Mexico"
7.5,0.0,6.0,0.0,865.0,0.0,0.0,0.0,mw,10.0,"Puerto Santa, Peru"
6.5,0.0,6.0,0.0,650.0,0.0,0.0,0.0,mw,31.9,"Biak, Indonesia"
6.5,0.0,6.0,0.0,650.0,0.0,0.0,0.0,mw,19.2,"Insrom, Indonesia"
7.85,0.0,8.0,0.0,1007.0,0.0,0.0,0.0,mww,33.0,"Biak, Indonesia"
6.7,0.0,4.0,0.0,691.0,0.0,0.0,0.0,mw,40.8,"Namie, Japan"
7.2,0.0,6.0,0.0,798.0,0.0,0.0,0.0,mw,42.6,"Kuril’sk, Russia"
6.6,0.0,10.0,0.0,670.0,0.0,0.0,0.0,mw,11.1,"Lijiang, China"
6.6,0.0,7.0,0.0,670.0,0.0,0.0,0.0,ms,33.0,"Yelizovo, Russia"
7.85,0.0,8.0,0.0,960.0,0.0,0.0,0.0,mw,24.0,"Palu, Indonesia"
7.1,0.0,6.0,0.0,776.0,0.0,0.0,0.0,mw,113.5,"Lospalos, Timor Leste"
6.5,0.0,6.0,0.0,650.0,0.0,0.0,0.0,mwb,63.4,"Abepura, Indonesia"
7.85,0.0,6.0,0.0,960.0,0.0,0.0,0.0,mw,33.0,"Kuril’sk, Russia"
7.2,0.0,9.0,0.0,798.0,0.0,0.0,0.0,mw,10.0,"Nuwaybi‘a, Egypt"
6.7,0.0,7.0,0.0,691.0,0.0,0.0,0.0,mw,19.9,"Vallenar, Chile"
7.2,0.0,6.0,0.0,798.0,0.0,0.0,0.0,mw,113.5,"Ocozocoautla de Espinosa, Mexico"
6.8,0.0,6.0,0.0,711.0,0.0,0.0,0.0,mw,19.7,"Naze, Japan"
7.1,0.0,6.0,0.0,776.0,0.0,0.0,0.0,mw,28.4,"Naze, Japan"
7.85,0.0,8.0,0.0,985.0,0.0,0.0,0.0,mw,33.0,"El Colomo, Mexico"
6.8,0.0,7.0,0.0,711.0,0.0,0.0,0.0,mw,33.0,"Sungai Penuh, Indonesia"
6.5,0.0,7.0,0.0,650.0,0.0,0.0,0.0,mw,16.7,"Sucúa, Ecuador"
7.0,0.0,7.0,0.0,754.0,0.0,0.0,0.0,mw,24.4,"Sucúa, Ecuador"
6.5,0.0,5.0,0.0,650.0,0.0,0.0,0.0,mwb,59.9,"Paramonga, Peru"
7.4,0.0,7.0,0.0,842.0,0.0,0.0,0.0,mwb,23.0,"Azoyú, Mexico"
6.6,0.0,5.0,0.0,670.0,0.0,0.0,0.0,mwb,12.2,"Etchoropo, Mexico"
6.6,0.0,6.0,0.0,670.0,0.0,0.0,0.0,mw,113.5,"Neira, Colombia"
7.2,0.0,6.0,0.0,798.0,0.0,0.0,0.0,mw,33.0,"Panguna, Papua New Guinea"
6.6,0.0,4.0,0.0,670.0,0.0,0.0,0.0,mw,18.7,"Kokopo, Papua New Guinea"
7.7,0.0,6.0,0.0,912.0,0.0,0.0,0.0,mw,30.1,"Panguna, Papua New Guinea"
6.7,0.0,6.0,0.0,691.0,0.0,0.0,0.0,mw,113.5,"Kokopo, Papua New Guinea"
7.85,0.0,8.0,0.0,985.0,0.0,0.0,0.0,mw,45.6,Ant
6.8,0.0,8.0,0.0,711.0,0.0,0.0,0.0,mw,12.5,"Jinghong, China"
6.6,0.0,5.0,0.0,670.0,0.0,0.0,0.0,mw,113.5,"Isangel, Vanuatu"
6.5,0.0,7.0,0.0,650.0,0.0,0.0,0.0,mw,14.2,"Galaxídhion, Greece"
7.1,0.0,9.0,0.0,776.0,0.0,0.0,0.0,mwb,11.0,"Tungor, Russia"
7.7,0.0,4.0,0.0,912.0,0.0,0.0,0.0,mw,20.2,"Vao, New Caledonia"
6.9,0.0,6.0,0.0,732.0,0.0,0.0,0.0,mw,11.2,"Maubara, Timor Leste"
6.6,0.0,9.0,0.0,670.0,0.0,0.0,0.0,mw,14.0,"Aianí, Greece"
7.1,0.0,7.0,0.0,776.0,0.0,0.0,0.0,mw,16.0,"Cabatuan, Philippines"
